Student_ID,Gender,Age,Major,Year,Previous_GPA,Current_GPA,Study_Hours_Per_Week,Attendance_Rate,Mathematics_Score,Programming_Score,Statistics_Score,English_Score,Science_Score,Midterm_Average,Final_Average,Assignment_Submission_Rate,Late_Submissions,Library_Visits,Extracurricular_Hours,Part_Time_Work_Hours,Sleep_Hours,Distance_From_Campus,Internet_Quality,Has_Scholarship,Passed,Academic_Status
STU0001,Male,23,Business,Junior,3.73,2.6,4.6,87.9,80.9,58.1,56.1,74.9,55.1,65.0,73.0,100.0,0,17,4.6,5,6.2,3.4,4,False,True,Good Standing
STU0002,Female,24,Business,Junior,2.96,2.7,11.4,88.7,72.9,68.1,55.5,66.3,75.1,67.6,68.2,61.8,3,19,2.4,10,8.5,17.5,3,True,True,Good Standing
STU0003,Female,18,Mathematics,Sophomore,2.11,1.97,5.4,72.4,47.6,54.5,51.1,52.7,40.9,49.4,43.2,60.7,1,9,5.8,5,7.2,8.1,5,False,False,Academic Warning
STU0004,Female,18,Mathematics,Sophomore,3.05,2.67,18.9,72.2,65.3,65.0,68.5,62.8,71.9,66.7,59.2,52.8,3,4,0.8,0,6.8,15.3,3,False,True,Good Standing
STU0005,Male,18,Engineering,Sophomore,2.02,1.84,10.0,60.4,49.3,51.3,36.5,49.5,43.8,46.1,49.4,65.7,7,13,4.9,0,6.2,3.6,3,False,False,Academic Warning
STU0006,Male,22,Business,Senior,3.9,2.92,8.2,98.5,77.0,79.1,60.9,77.0,70.9,73.0,69.9,77.4,0,17,0.6,20,4.0,1.3,4,False,True,Good Standing
STU0007,Male,21,Business,Sophomore,3.36,2.79,17.3,72.3,58.5,65.0,80.8,68.4,76.2,69.8,68.5,88.1,1,7,5.0,0,7.8,3.2,4,False,True,Good Standing
STU0008,Female,22,Physics,Sophomore,1.7,2.49,9.1,94.9,65.7,50.2,62.7,63.1,70.0,62.3,72.1,100.0,4,27,8.5,0,5.4,4.9,2,True,True,Good Standing
STU0009,Female,21,Mathematics,Sophomore,3.19,2.13,11.0,62.9,64.1,48.4,50.2,39.8,63.9,53.3,58.8,75.2,3,8,1.2,5,4.9,6.1,3,False,False,Probation
STU0010,Female,22,Business,Sophomore,3.29,2.28,6.1,56.1,51.2,52.4,58.1,57.5,65.3,56.9,71.6,45.3,4,11,2.3,0,7.4,5.7,2,False,False,Probation
STU0011,Male,22,Biology,Junior,2.51,1.95,3.7,59.0,59.0,47.1,43.5,40.6,53.5,48.7,42.6,49.1,1,9,3.2,5,8.5,6.3,3,False,False,Academic Warning
STU0012,Female,23,Engineering,Sophomore,3.29,2.23,11.6,49.1,61.5,74.7,54.6,38.2,49.7,55.7,52.1,42.3,3,5,0.2,10,4.5,14.7,1,False,False,Probation
STU0013,Female,20,Psychology,Junior,3.27,2.94,19.0,88.3,63.7,58.9,82.3,83.7,78.9,73.5,77.0,100.0,4,8,2.0,15,8.5,1.5,3,False,True,Good Standing
STU0014,Male,22,Biology,Junior,2.2,2.21,6.8,89.5,64.0,57.6,57.5,50.3,46.8,55.2,71.8,64.1,4,9,1.3,10,5.6,3.0,3,False,False,Probation
STU0015,Male,23,Biology,Sophomore,2.27,1.92,6.6,71.5,44.4,50.5,45.7,41.7,57.7,48.0,43.6,77.3,3,3,6.2,0,8.0,17.6,4,False,False,Academic Warning
STU0016,Male,19,Psychology,Sophomore,2.97,2.24,4.6,74.4,44.8,55.3,69.0,57.5,53.5,56.0,58.3,60.4,3,8,6.3,5,7.9,6.6,5,False,False,Probation
STU0017,Male,20,Economics,Senior,3.35,2.3,2.0,86.4,52.8,56.5,55.3,63.5,59.4,57.5,70.1,80.1,3,24,3.6,0,6.7,7.0,4,False,False,Probation
STU0018,Female,22,Economics,Sophomore,2.62,2.44,7.8,73.5,67.4,56.8,61.8,58.7,59.7,60.9,63.3,84.5,2,13,3.2,0,7.0,5.2,4,False,True,Good Standing
STU0019,Male,24,Engineering,Sophomore,3.8,2.68,12.6,89.1,79.7,70.4,72.1,61.4,51.0,66.9,77.1,66.4,2,5,4.0,5,6.4,6.4,3,False,True,Good Standing
STU0020,Male,18,Biology,Senior,3.46,2.66,12.7,71.7,65.0,68.7,70.4,62.3,65.5,66.4,84.0,67.5,4,7,1.4,0,7.4,1.8,5,False,True,Good Standing
STU0021,Female,19,Business,Freshman,3.17,2.52,4.1,94.0,65.1,59.3,68.7,68.8,52.9,63.0,67.3,92.0,3,11,1.6,10,7.4,6.3,4,True,True,Good Standing
STU0022,Male,19,Mathematics,Freshman,1.64,2.36,10.5,94.2,62.0,60.4,69.3,55.9,46.8,58.9,64.5,93.7,2,15,2.4,10,5.6,46.9,4,False,False,Probation
STU0023,Male,23,Engineering,Sophomore,3.58,2.79,18.5,77.3,69.3,73.6,60.3,79.8,65.4,69.7,77.6,75.8,2,8,8.3,15,5.0,6.7,3,False,True,Good Standing
STU0024,Male,19,Physics,Senior,3.37,2.83,10.0,89.9,79.6,86.0,82.6,52.0,54.0,70.8,65.6,98.2,4,3,3.9,15,8.5,0.5,3,False,True,Good Standing
STU0025,Male,20,Psychology,Freshman,1.95,2.15,6.8,90.6,54.5,61.8,55.3,43.5,53.9,53.8,43.9,83.9,1,7,2.4,0,7.3,12.7,4,False,False,Probation
STU0026,Female,22,Biology,Freshman,2.01,2.17,5.0,83.1,40.0,53.6,56.1,66.9,54.1,54.1,57.4,88.6,6,9,4.4,0,8.3,4.0,4,False,False,Probation
STU0027,Male,22,Engineering,Freshman,3.13,2.67,5.7,85.4,74.8,72.8,61.8,66.2,58.6,66.8,63.8,90.4,3,14,1.4,0,6.0,1.3,5,False,True,Good Standing
STU0028,Male,24,Computer Science,Freshman,3.6,2.76,15.5,97.2,65.1,69.7,74.2,60.8,75.2,69.0,79.4,100.0,2,5,3.9,0,5.8,15.9,3,True,True,Good Standing
STU0029,Female,18,Computer Science,Freshman,2.99,2.42,7.4,77.4,68.1,61.0,64.7,50.9,57.9,60.5,65.0,85.3,3,10,1.6,0,5.5,1.8,2,False,True,Good Standing
STU0030,Male,23,Economics,Sophomore,2.91,1.75,4.4,64.8,38.7,47.4,38.3,43.7,50.7,43.8,54.0,69.0,5,5,1.0,0,6.7,20.3,4,False,False,Academic Warning
STU0031,Female,18,Psychology,Junior,3.45,2.78,6.8,90.3,68.2,77.3,68.7,69.6,63.6,69.5,61.9,89.0,3,9,2.8,5,7.3,4.7,5,False,True,Good Standing
STU0032,Male,19,Mathematics,Freshman,3.28,2.39,4.9,88.7,59.7,59.3,63.4,53.7,62.5,59.7,69.7,69.7,2,16,3.5,10,6.2,10.9,3,False,False,Probation
STU0033,Male,24,Business,Sophomore,2.32,2.49,14.3,75.7,62.7,65.1,69.1,49.3,64.6,62.2,45.8,96.1,0,5,1.8,10,9.3,6.3,4,True,True,Good Standing
STU0034,Female,18,Mathematics,Freshman,3.64,2.62,3.0,91.0,80.2,59.2,60.4,59.0,68.6,65.5,58.5,100.0,4,22,2.5,5,6.0,2.4,3,True,True,Good Standing
STU0035,Female,20,Mathematics,Sophomore,2.82,2.26,2.0,78.8,53.9,39.5,61.7,64.9,62.9,56.6,63.6,73.5,4,7,3.6,5,7.4,8.9,4,False,False,Probation
STU0036,Female,22,Mathematics,Sophomore,2.79,2.44,14.4,79.4,52.7,66.6,51.6,71.6,61.9,60.9,58.9,86.2,3,12,4.4,5,5.7,25.3,5,False,True,Good Standing
STU0037,Male,19,Psychology,Junior,2.87,2.49,2.5,98.7,62.3,65.8,57.7,61.8,64.1,62.3,61.1,90.5,6,7,6.8,10,6.0,11.7,5,False,True,Good Standing
STU0038,Male,24,Mathematics,Freshman,3.53,2.57,16.2,64.7,62.3,73.3,66.1,60.0,60.0,64.3,67.2,53.9,3,6,1.3,0,6.9,7.4,2,False,True,Good Standing
STU0039,Female,18,Physics,Sophomore,3.53,3.26,28.1,95.7,75.5,70.9,88.6,91.2,81.1,81.5,94.8,96.5,1,17,9.1,10,5.8,37.4,3,False,True,Good Standing
STU0040,Male,23,Psychology,Freshman,2.62,2.68,8.9,95.5,69.5,64.8,68.2,67.8,64.9,67.0,53.7,100.0,1,9,3.0,10,7.1,2.5,4,True,True,Good Standing
STU0041,Male,20,Physics,Senior,2.66,2.25,12.5,79.5,42.8,66.4,58.1,70.4,43.1,56.2,68.1,100.0,4,27,4.6,0,7.7,0.5,1,False,False,Probation
STU0042,Male,20,Psychology,Junior,3.68,2.53,11.1,77.9,59.9,58.8,59.0,71.9,66.7,63.3,75.7,99.6,3,3,3.6,0,8.6,0.5,4,True,True,Good Standing
STU0043,Male,18,Economics,Junior,2.53,2.73,9.8,94.8,66.8,69.9,64.7,64.5,75.9,68.4,66.3,100.0,1,14,0.7,0,5.4,9.9,4,True,True,Good Standing
STU0044,Female,22,Engineering,Freshman,3.83,2.67,5.6,83.2,60.9,70.8,73.6,63.5,64.7,66.7,63.1,69.4,1,6,0.2,5,7.3,14.2,3,False,True,Good Standing
STU0045,Male,18,Computer Science,Senior,3.32,2.64,3.9,95.0,53.0,74.7,75.2,68.9,58.8,66.1,67.2,100.0,1,7,3.9,15,6.9,8.1,5,False,True,Good Standing
STU0046,Female,19,Mathematics,Freshman,3.16,2.32,7.8,74.4,67.2,43.1,66.3,54.9,58.0,57.9,54.2,31.8,2,17,2.1,0,4.2,18.8,3,False,False,Probation
STU0047,Male,18,Economics,Freshman,2.81,2.34,4.5,96.7,63.1,50.0,63.2,58.9,57.4,58.5,63.3,100.0,3,2,3.6,0,5.3,9.6,5,False,False,Probation
STU0048,Female,20,Engineering,Sophomore,2.78,2.23,9.9,66.1,47.2,49.4,62.2,52.9,67.5,55.8,61.6,82.6,1,10,1.9,20,7.7,3.7,5,False,False,Probation
STU0049,Female,24,Computer Science,Freshman,3.3,2.14,5.7,59.1,53.6,66.5,54.0,46.7,46.9,53.5,43.1,61.4,2,5,1.1,0,5.0,1.6,4,False,False,Probation
STU0050,Male,18,Biology,Senior,3.52,2.65,3.3,91.1,71.0,72.1,57.5,62.8,67.9,66.3,60.9,100.0,2,11,1.0,0,6.9,20.7,2,True,True,Good Standing
STU0051,Female,22,Business,Junior,1.5,2.02,10.6,80.4,34.4,56.5,60.2,44.7,56.1,50.4,42.9,59.0,4,10,3.9,0,4.0,0.9,5,False,False,Probation
STU0052,Female,24,Physics,Freshman,2.37,2.33,6.9,70.8,63.2,57.9,66.2,45.2,58.9,58.3,62.0,94.8,2,8,1.0,10,6.8,6.3,5,False,False,Probation
STU0053,Female,23,Biology,Junior,1.95,2.21,3.1,97.0,55.1,66.2,63.2,42.0,49.2,55.1,64.1,94.6,3,11,3.8,10,4.0,3.0,3,False,False,Probation
STU0054,Female,21,Psychology,Senior,3.66,2.92,14.6,80.4,69.4,64.6,76.4,82.7,71.3,72.9,66.3,100.0,3,17,1.5,5,6.1,2.5,3,True,True,Good Standing
STU0055,Female,18,Computer Science,Senior,2.07,1.91,8.3,75.5,58.6,29.2,45.6,54.8,50.0,47.6,56.6,90.8,2,4,4.4,20,6.3,8.3,3,False,False,Academic Warning
STU0056,Female,22,Biology,Junior,2.5,2.71,14.3,86.1,69.1,71.2,63.0,71.2,64.3,67.8,62.4,100.0,3,8,0.5,10,7.2,2.1,5,True,True,Good Standing
STU0057,Male,24,Business,Senior,2.91,2.62,9.3,81.9,50.0,78.5,53.3,79.1,66.4,65.5,73.2,96.5,2,11,0.7,0,6.6,19.9,5,False,True,Good Standing
STU0058,Male,22,Economics,Senior,3.03,2.48,6.0,92.5,59.7,69.0,52.2,48.3,80.2,61.9,61.6,100.0,2,23,3.5,10,5.1,4.2,5,False,True,Good Standing
STU0059,Male,23,Computer Science,Junior,3.12,2.32,4.7,71.6,53.0,53.9,57.7,75.6,50.2,58.1,56.5,92.1,1,10,2.5,0,5.2,9.1,5,False,False,Probation
STU0060,Male,20,Biology,Freshman,3.97,3.16,11.4,97.5,77.5,85.7,78.4,75.4,78.2,79.0,90.2,98.3,5,10,0.7,10,4.6,10.4,4,False,True,Good Standing
STU0061,Male,22,Physics,Sophomore,2.87,2.58,18.5,58.8,75.3,65.9,62.2,55.9,63.6,64.6,80.9,67.8,8,12,7.0,0,7.3,9.2,3,False,True,Good Standing
STU0062,Male,24,Physics,Senior,1.98,1.93,10.8,77.7,53.4,58.1,40.8,47.5,40.9,48.1,34.6,77.6,4,11,1.0,10,7.2,18.7,3,False,False,Academic Warning
STU0063,Female,22,Engineering,Freshman,3.08,2.56,5.8,85.0,84.2,52.0,50.2,68.9,64.6,64.0,70.8,74.7,1,5,1.6,0,8.0,2.1,3,True,True,Good Standing
STU0064,Male,22,Biology,Senior,3.97,2.38,9.5,74.7,63.2,63.2,63.9,55.6,51.1,59.4,62.8,82.6,5,25,0.7,15,6.2,0.7,4,False,False,Probation
STU0065,Male,22,Mathematics,Freshman,2.46,2.3,4.3,71.1,51.7,51.4,66.1,54.2,63.9,57.5,64.7,74.1,4,3,1.5,0,4.4,0.5,5,False,False,Probation
STU0066,Female,19,Biology,Freshman,1.5,2.38,10.7,95.2,52.4,62.7,60.1,62.5,60.2,59.6,50.1,100.0,1,2,2.0,10,6.5,16.8,5,False,False,Probation
STU0067,Male,19,Economics,Sophomore,3.16,2.53,13.0,90.2,69.8,71.4,54.5,66.5,53.9,63.2,56.5,87.4,5,10,1.0,0,7.0,29.0,3,False,True,Good Standing
STU0068,Female,20,Computer Science,Freshman,3.77,2.39,6.3,58.8,60.1,57.3,60.4,59.2,62.0,59.8,56.4,47.4,1,12,4.4,20,5.3,2.9,4,False,False,Probation
STU0069,Male,18,Computer Science,Senior,2.77,2.9,17.5,90.7,77.4,77.6,76.0,59.6,72.3,72.6,76.3,100.0,3,12,1.5,15,5.4,9.5,4,True,True,Good Standing
STU0070,Female,22,Economics,Junior,3.33,2.13,5.7,66.3,52.8,49.2,48.7,51.3,63.9,53.2,49.3,67.3,3,14,3.9,0,7.7,0.5,4,False,False,Probation
STU0071,Female,23,Biology,Junior,3.07,2.54,9.5,87.7,63.6,55.3,59.1,72.1,67.6,63.5,63.0,75.8,5,10,0.7,20,7.2,1.7,4,False,True,Good Standing
STU0072,Male,18,Economics,Junior,2.87,2.66,12.2,88.8,62.8,67.4,79.7,55.5,67.3,66.5,75.2,100.0,2,10,1.4,0,8.7,9.4,3,False,True,Good Standing
STU0073,Male,23,Business,Freshman,3.47,2.3,6.3,69.8,70.6,55.8,49.9,66.1,45.6,57.6,76.0,83.7,1,2,0.0,10,9.6,0.5,5,False,False,Probation
STU0074,Female,18,Psychology,Sophomore,3.35,2.69,3.6,80.5,66.7,67.8,58.6,66.8,76.4,67.3,75.3,100.0,1,9,4.3,10,4.7,5.1,4,True,True,Good Standing
STU0075,Female,20,Economics,Junior,2.97,2.42,4.2,85.1,70.6,49.5,63.6,56.5,62.2,60.5,69.4,80.0,0,3,2.9,0,6.4,8.7,5,False,True,Good Standing
STU0076,Female,22,Physics,Sophomore,2.89,2.58,6.6,88.4,65.3,54.8,67.0,67.9,67.2,64.4,65.0,81.2,5,8,5.1,20,7.2,11.6,3,False,True,Good Standing
STU0077,Female,22,Economics,Freshman,3.82,2.54,6.3,91.6,62.3,47.6,71.8,71.4,64.9,63.6,58.5,75.3,5,4,1.8,0,7.5,4.8,3,False,True,Good Standing
STU0078,Male,21,Computer Science,Sophomore,1.96,2.26,7.9,93.3,58.7,60.6,56.2,51.7,55.6,56.6,56.0,84.8,2,12,4.8,0,8.5,8.0,3,False,False,Probation
STU0079,Male,23,Physics,Sophomore,3.06,2.47,11.0,77.1,63.8,61.4,61.2,58.8,63.3,61.7,63.2,71.3,3,14,3.1,15,8.1,6.2,5,True,True,Good Standing
STU0080,Male,18,Computer Science,Senior,1.95,2.41,13.2,94.1,59.0,51.8,69.2,62.2,59.6,60.4,53.1,100.0,3,9,0.0,10,8.7,0.5,5,False,True,Good Standing
STU0081,Female,18,Engineering,Senior,2.78,2.31,14.0,80.4,66.1,62.1,36.0,61.9,62.8,57.8,66.3,66.4,1,8,0.9,0,7.1,10.9,4,False,False,Probation
STU0082,Female,19,Mathematics,Sophomore,2.46,2.43,22.9,63.4,54.4,79.6,48.1,68.9,52.5,60.7,74.9,53.4,2,20,2.0,0,6.1,1.5,5,False,True,Good Standing
STU0083,Male,21,Computer Science,Junior,3.55,2.22,4.8,75.3,51.9,55.1,52.0,55.4,63.3,55.5,58.5,100.0,3,1,2.9,10,9.9,0.5,4,False,False,Probation
STU0084,Male,24,Physics,Junior,2.69,2.31,23.2,55.7,73.7,61.0,45.1,55.1,54.4,57.9,68.5,20.0,7,15,0.2,0,7.2,4.8,3,False,False,Probation
STU0085,Male,24,Engineering,Freshman,3.51,2.35,7.4,87.8,56.5,60.7,69.8,51.4,55.2,58.7,70.4,95.0,4,7,3.7,20,6.6,16.1,4,False,False,Probation
STU0086,Male,19,Computer Science,Senior,2.42,1.84,7.0,72.5,51.4,44.0,56.3,43.3,35.4,46.1,39.8,53.1,2,11,2.4,10,5.4,1.3,5,False,False,Academic Warning
STU0087,Female,19,Business,Senior,3.41,2.78,12.8,60.6,79.0,67.6,61.8,66.4,72.4,69.4,57.5,48.5,2,11,2.2,0,7.2,0.5,3,True,True,Good Standing
STU0088,Female,19,Economics,Sophomore,2.77,2.29,5.6,77.9,61.9,44.6,55.0,66.1,59.2,57.4,55.4,99.3,1,7,1.0,0,8.5,0.9,3,False,False,Probation
STU0089,Female,23,Mathematics,Sophomore,2.64,2.59,11.7,88.8,51.9,71.4,62.1,73.6,64.4,64.7,67.4,89.8,2,18,2.7,5,6.2,3.6,4,False,True,Good Standing
STU0090,Male,23,Computer Science,Freshman,2.73,2.8,18.1,80.2,75.2,71.9,72.7,66.0,64.3,70.0,62.5,100.0,4,22,0.1,0,6.8,6.9,3,False,True,Good Standing
STU0091,Male,20,Engineering,Sophomore,3.23,2.39,6.4,73.2,65.4,62.8,37.3,62.2,70.6,59.7,73.0,82.6,1,30,0.2,15,7.4,1.7,5,False,False,Probation
STU0092,Female,20,Business,Freshman,2.41,2.63,12.6,93.9,70.4,61.8,58.4,70.2,68.3,65.8,83.4,81.4,7,7,4.0,20,7.7,13.0,4,True,True,Good Standing
STU0093,Female,19,Biology,Senior,3.41,2.6,11.1,72.5,71.7,66.0,61.3,72.2,53.4,64.9,68.4,80.9,1,15,1.2,10,6.6,11.2,2,False,True,Good Standing
STU0094,Female,21,Engineering,Freshman,2.67,2.7,24.9,74.8,63.3,53.6,84.3,75.7,60.9,67.6,61.7,91.8,4,8,1.3,5,6.4,9.5,3,True,True,Good Standing
STU0095,Female,18,Economics,Sophomore,2.47,2.0,2.4,59.3,52.3,50.9,54.0,51.5,40.9,49.9,55.8,67.1,2,4,0.7,0,6.2,5.3,5,False,False,Academic Warning
STU0096,Male,23,Engineering,Senior,3.33,2.71,5.8,96.2,80.8,72.6,46.4,76.0,62.8,67.7,61.8,93.0,1,10,1.8,10,5.3,3.6,4,False,True,Good Standing
STU0097,Female,21,Business,Junior,3.39,2.33,3.4,86.3,59.2,61.4,56.2,69.9,44.7,58.3,69.4,60.9,7,11,0.2,10,5.8,3.8,4,False,False,Probation
STU0098,Male,22,Engineering,Freshman,3.81,2.69,12.5,74.3,63.5,72.1,63.2,61.1,76.3,67.2,67.4,69.5,5,6,1.1,10,5.8,5.6,2,True,True,Good Standing
STU0099,Male,23,Business,Freshman,3.11,2.17,8.9,76.9,57.3,59.2,48.8,34.7,70.7,54.1,62.0,100.0,4,6,2.2,0,4.7,0.6,5,False,False,Probation
STU0100,Male,23,Computer Science,Freshman,3.47,2.85,19.6,66.3,73.6,82.4,64.2,69.3,66.5,71.2,80.4,54.3,4,8,1.9,15,8.5,9.2,4,False,True,Good Standing
STU0101,Male,20,Psychology,Junior,3.72,2.61,3.7,85.1,68.9,67.5,59.6,67.2,63.5,65.3,71.6,78.9,3,11,20.0,0,7.5,3.5,4,False,True,Good Standing
STU0102,Female,18,Business,Freshman,2.5,2.33,7.5,88.4,54.3,60.3,60.7,61.8,54.3,58.3,74.6,100.0,5,25,1.5,10,7.2,2.0,5,False,False,Probation
STU0103,Male,18,Business,Sophomore,2.46,2.43,17.3,59.2,43.3,64.5,64.7,64.3,67.4,60.8,64.3,68.5,2,18,1.5,15,9.0,2.6,2,True,True,Good Standing
STU0104,Male,24,Mathematics,Senior,2.35,2.05,6.7,72.1,48.1,52.9,45.0,57.4,52.8,51.2,49.2,52.4,3,10,2.1,10,8.1,1.6,4,False,False,Probation
STU0105,Female,24,Business,Freshman,2.44,2.31,6.4,70.9,47.7,64.6,49.3,60.3,66.9,57.8,42.9,69.3,5,13,0.6,0,5.8,18.5,1,False,False,Probation
STU0106,Male,24,Business,Senior,3.0,2.36,5.8,68.7,62.8,56.5,66.3,54.1,55.1,59.0,42.7,89.8,5,5,6.3,10,8.8,1.5,4,False,False,Probation
STU0107,Male,24,Biology,Senior,1.64,2.08,4.4,78.4,50.2,44.1,58.6,61.6,45.6,52.0,59.2,78.8,3,9,2.5,0,8.5,17.2,3,False,False,Probation
STU0108,Female,22,Psychology,Freshman,3.51,2.51,4.3,83.5,65.0,60.0,69.2,52.1,67.1,62.7,63.2,100.0,2,22,0.6,15,5.3,6.8,5,False,True,Good Standing
STU0109,Male,22,Computer Science,Senior,3.0,2.27,5.3,62.7,54.4,52.5,56.8,50.5,69.1,56.7,52.1,85.0,0,14,4.7,0,8.4,16.2,3,False,False,Probation
STU0110,Male,23,Economics,Sophomore,2.88,2.57,2.6,95.2,62.3,70.9,68.6,59.0,60.1,64.2,57.3,81.2,3,9,0.1,0,6.3,5.1,4,False,True,Good Standing
STU0111,Male,19,Mathematics,Senior,3.51,2.71,8.5,78.8,71.8,70.8,55.7,67.3,73.4,67.8,75.7,74.4,2,19,12.1,0,8.5,21.0,5,False,True,Good Standing
STU0112,Male,20,Biology,Sophomore,2.88,2.61,5.9,92.4,68.2,65.7,62.7,57.6,71.6,65.2,59.3,100.0,0,16,6.0,15,6.5,1.9,5,True,True,Good Standing
STU0113,Female,20,Physics,Junior,2.54,1.46,2.0,51.2,38.1,50.2,35.4,29.4,29.6,36.5,51.6,28.1,1,13,2.6,10,6.2,6.5,4,False,False,Academic Warning
STU0114,Female,24,Psychology,Sophomore,2.94,2.22,2.6,72.6,53.9,69.5,48.9,55.3,50.4,55.6,76.4,69.3,1,9,0.4,10,6.4,1.1,4,False,False,Probation
STU0115,Female,23,Computer Science,Senior,2.66,1.96,2.0,90.7,51.7,44.3,54.4,50.0,45.0,49.1,43.9,98.9,2,13,0.7,10,5.5,4.7,2,False,False,Academic Warning
STU0116,Female,21,Computer Science,Junior,3.61,2.8,2.8,98.3,68.6,68.9,85.4,67.4,59.7,70.0,77.4,88.9,3,12,1.0,15,4.8,6.7,1,False,True,Good Standing
STU0117,Female,19,Physics,Sophomore,3.74,2.92,15.1,91.1,80.4,77.0,60.7,66.7,80.8,73.1,78.6,100.0,1,7,0.8,0,4.0,7.4,4,False,True,Good Standing
STU0118,Male,23,Economics,Senior,2.79,2.1,8.6,75.4,38.0,62.9,47.4,54.7,59.7,52.5,46.6,66.4,2,13,2.1,10,5.4,3.6,2,False,False,Probation
STU0119,Female,19,Business,Freshman,2.97,2.44,5.9,87.3,55.0,77.0,55.9,59.3,58.3,61.1,55.2,78.2,5,7,8.7,10,10.0,0.6,3,False,True,Good Standing
STU0120,Female,19,Biology,Freshman,3.63,3.19,12.4,89.5,79.0,74.9,89.7,78.4,77.2,79.8,80.9,100.0,6,6,1.8,0,7.7,8.5,1,True,True,Good Standing
STU0121,Female,19,Engineering,Freshman,2.41,2.12,5.8,90.7,50.2,67.3,48.3,46.5,53.1,53.1,46.0,100.0,5,4,3.3,0,9.8,5.4,4,False,False,Probation
STU0122,Female,23,Mathematics,Sophomore,2.75,1.98,3.1,87.8,48.0,60.3,40.8,49.1,49.9,49.6,60.4,77.2,6,25,3.5,0,6.5,1.2,4,False,False,Academic Warning
STU0123,Male,24,Engineering,Freshman,3.14,2.17,5.5,81.8,53.6,65.8,60.1,47.6,43.6,54.1,54.2,63.6,1,11,6.2,0,6.3,22.0,2,False,False,Probation
STU0124,Male,20,Physics,Senior,3.06,2.8,13.0,93.2,72.2,67.4,53.8,78.1,79.1,70.1,63.2,92.7,1,13,0.1,0,9.6,24.9,3,True,True,Good Standing
STU0125,Male,20,Computer Science,Freshman,3.48,2.29,9.0,73.2,51.4,54.2,54.9,55.3,71.0,57.4,58.6,80.2,7,10,1.6,0,7.6,15.5,4,False,False,Probation
STU0126,Male,24,Economics,Junior,1.87,2.59,13.9,86.9,71.1,73.4,59.8,62.1,57.8,64.8,70.6,76.1,2,14,4.6,10,5.6,14.9,4,True,True,Good Standing
STU0127,Female,19,Computer Science,Freshman,3.93,2.91,7.7,80.7,72.3,69.5,70.0,74.6,77.8,72.8,69.0,100.0,2,15,5.1,0,7.9,0.8,4,True,True,Good Standing
STU0128,Female,21,Mathematics,Senior,1.95,2.05,5.4,68.8,50.6,50.5,46.8,48.1,60.3,51.3,37.3,66.6,3,6,7.9,0,8.9,40.2,5,False,False,Probation
STU0129,Male,18,Computer Science,Senior,3.31,2.95,17.7,89.0,68.7,77.2,65.2,75.5,82.5,73.8,76.8,78.0,4,13,3.6,20,4.9,4.1,2,False,True,Good Standing
STU0130,Male,23,Computer Science,Sophomore,2.81,2.14,5.0,55.9,49.8,57.6,57.0,57.7,45.8,53.6,45.8,84.9,4,11,0.8,5,7.7,1.4,2,False,False,Probation
STU0131,Male,18,Mathematics,Senior,2.66,2.39,12.9,73.7,67.7,55.1,52.9,57.5,65.9,59.8,55.5,92.7,2,12,2.1,0,5.0,13.4,1,False,False,Probation
STU0132,Male,24,Biology,Freshman,2.67,2.05,3.5,86.8,60.7,47.3,49.0,64.3,34.9,51.2,57.0,75.9,1,7,0.1,10,8.8,2.0,4,False,False,Probation
STU0133,Male,21,Biology,Junior,2.48,2.41,12.7,78.4,55.5,50.9,62.8,62.3,69.3,60.2,57.5,94.4,3,5,3.1,0,7.3,6.0,4,True,True,Good Standing
STU0134,Male,23,Mathematics,Freshman,2.92,2.59,10.9,87.2,76.6,58.9,64.2,70.4,53.2,64.7,65.5,77.3,2,6,2.4,0,7.9,1.1,2,False,True,Good Standing
STU0135,Female,24,Economics,Senior,3.1,2.76,12.7,80.3,67.7,47.1,75.7,80.0,74.1,68.9,82.5,91.8,4,20,3.3,0,6.7,5.1,4,False,True,Good Standing
STU0136,Male,19,Physics,Freshman,3.62,2.71,3.4,93.4,72.3,68.2,62.2,77.2,58.8,67.7,66.9,100.0,5,16,8.0,20,4.3,6.5,4,False,True,Good Standing
STU0137,Male,20,Psychology,Sophomore,3.72,2.74,9.0,85.4,71.7,63.7,69.2,61.1,76.7,68.5,86.7,67.3,1,19,3.5,10,6.3,4.7,5,False,True,Good Standing
STU0138,Female,18,Computer Science,Junior,1.5,2.13,4.6,91.1,40.6,50.7,62.8,56.6,56.0,53.3,61.3,83.1,7,6,1.2,15,8.4,0.6,4,False,False,Probation
STU0139,Male,22,Economics,Freshman,3.33,2.56,2.3,85.9,60.5,69.1,61.8,62.6,66.4,64.1,58.6,78.2,3,16,0.7,20,10.0,5.3,4,False,True,Good Standing
STU0140,Female,22,Computer Science,Freshman,3.18,2.5,4.4,93.5,54.6,81.4,60.1,57.5,59.4,62.6,60.8,97.5,1,2,5.8,20,7.4,5.1,4,False,True,Good Standing
STU0141,Female,21,Psychology,Freshman,3.13,2.71,16.4,81.7,75.4,66.4,68.6,62.4,66.2,67.8,59.7,88.8,8,7,0.6,10,6.0,2.4,5,False,True,Good Standing
STU0142,Male,19,Physics,Sophomore,1.5,2.08,16.4,69.7,46.9,47.8,54.2,35.0,76.1,52.0,59.1,68.4,2,13,0.5,10,7.8,20.4,5,False,False,Probation
STU0143,Male,18,Biology,Sophomore,2.18,2.21,3.6,89.3,56.0,56.4,50.9,61.8,50.6,55.1,67.7,64.1,3,9,0.7,0,8.3,4.3,4,False,False,Probation
STU0144,Male,19,Economics,Freshman,2.93,2.34,8.0,85.1,54.3,60.3,63.5,63.6,51.4,58.6,57.8,66.7,3,9,2.1,0,7.2,16.0,4,False,False,Probation
STU0145,Male,18,Business,Sophomore,3.51,2.87,10.4,96.0,73.8,90.4,57.6,67.5,69.5,71.8,58.9,82.8,6,13,0.4,10,7.1,0.9,4,True,True,Good Standing
STU0146,Male,21,Business,Freshman,2.72,2.18,3.8,92.5,46.0,49.2,68.1,55.4,54.4,54.6,59.5,100.0,2,13,8.3,10,7.3,3.1,4,False,False,Probation
STU0147,Female,21,Psychology,Junior,2.88,2.62,11.1,76.5,70.9,65.0,52.4,75.7,64.0,65.6,60.7,55.5,4,8,10.2,20,7.1,1.6,4,False,True,Good Standing
STU0148,Male,22,Business,Freshman,3.39,2.59,13.4,76.1,62.3,62.7,66.5,69.8,62.0,64.7,61.0,62.4,1,14,10.9,5,7.4,4.2,3,True,True,Good Standing
STU0149,Male,19,Biology,Freshman,2.42,2.03,7.1,72.1,66.4,30.6,49.1,63.5,44.0,50.7,55.2,55.1,4,12,0.1,10,9.7,0.9,5,False,False,Probation
STU0150,Male,23,Psychology,Freshman,1.5,1.79,4.8,78.9,26.1,49.4,52.9,42.5,52.3,44.6,56.5,84.0,2,11,8.8,10,4.0,4.7,4,False,False,Academic Warning
STU0151,Female,22,Biology,Sophomore,2.47,2.11,7.2,93.5,55.5,58.8,50.0,38.0,61.4,52.7,60.7,100.0,3,30,17.9,0,6.6,3.5,5,False,False,Probation
STU0152,Male,19,Physics,Senior,3.66,2.53,2.7,74.8,53.3,68.1,73.7,67.4,53.9,63.3,68.7,77.1,7,1,8.6,10,5.6,2.0,4,False,True,Good Standing
STU0153,Male,22,Computer Science,Sophomore,3.09,2.69,14.3,84.4,57.5,69.4,65.4,65.3,78.6,67.2,68.0,100.0,4,12,3.3,5,8.8,8.2,4,False,True,Good Standing
STU0154,Male,23,Physics,Freshman,3.5,2.59,6.5,97.6,69.1,69.5,60.3,56.2,68.4,64.7,56.1,99.9,4,11,3.6,5,6.8,24.1,3,False,True,Good Standing
STU0155,Female,20,Physics,Junior,3.62,3.0,14.8,81.7,84.5,81.0,64.0,54.3,91.2,75.0,79.8,80.3,5,13,0.4,5,7.8,1.9,4,False,True,Good Standing
STU0156,Male,20,Biology,Junior,3.08,2.53,8.7,91.5,59.1,65.1,67.0,69.3,56.2,63.3,71.1,79.7,0,7,6.2,0,9.1,10.0,4,False,True,Good Standing
STU0157,Female,20,Psychology,Freshman,2.77,2.07,4.3,72.5,57.5,40.9,48.3,54.4,57.1,51.6,48.9,75.5,3,9,0.2,5,5.4,10.9,3,False,False,Probation
STU0158,Female,20,Psychology,Junior,3.25,2.52,2.0,95.2,67.6,69.3,68.4,65.2,44.3,63.0,62.0,82.8,1,13,1.1,10,6.2,5.5,5,False,True,Good Standing
STU0159,Male,24,Business,Senior,2.82,2.27,7.6,81.5,50.4,62.8,55.8,57.5,56.8,56.7,67.5,66.9,5,2,14.2,5,9.0,18.2,2,False,False,Probation
STU0160,Female,18,Engineering,Freshman,2.97,2.55,6.4,77.0,56.2,68.1,65.8,68.3,60.3,63.7,62.6,61.9,1,4,1.6,5,5.3,27.1,4,False,True,Good Standing
STU0161,Male,24,Computer Science,Junior,2.58,2.52,10.4,91.9,65.8,69.2,49.3,62.7,68.3,63.1,62.9,88.6,4,21,0.4,0,6.3,3.6,3,False,True,Good Standing
STU0162,Female,24,Biology,Junior,3.51,2.73,3.9,90.4,59.4,59.7,73.5,73.7,74.5,68.2,69.5,82.9,4,6,10.4,0,4.6,8.4,5,True,True,Good Standing
STU0163,Female,24,Business,Sophomore,3.02,2.25,7.3,84.0,70.8,39.3,53.7,53.2,63.7,56.1,63.5,100.0,1,10,12.4,0,9.0,8.7,3,False,False,Probation
STU0164,Female,20,Economics,Freshman,2.71,2.49,10.3,86.3,54.5,69.8,50.2,63.1,73.3,62.2,66.5,89.4,7,6,0.6,5,6.1,4.1,4,False,True,Good Standing
STU0165,Male,23,Engineering,Freshman,3.14,2.78,10.3,79.4,75.0,63.5,75.1,62.8,71.2,69.5,73.3,82.3,4,3,6.0,10,7.5,3.0,3,False,True,Good Standing
STU0166,Female,21,Engineering,Senior,3.3,2.65,16.4,61.4,68.8,59.4,64.0,58.9,80.0,66.2,80.4,53.1,1,14,1.5,15,8.0,21.7,4,True,True,Good Standing
STU0167,Male,21,Biology,Senior,3.97,3.37,15.6,91.6,71.7,71.5,100.0,81.3,96.4,84.2,82.9,100.0,1,3,1.4,0,5.8,12.5,5,False,True,Good Standing
STU0168,Male,18,Mathematics,Junior,2.37,2.08,8.6,82.3,53.4,60.5,49.2,46.3,51.0,52.1,46.5,68.5,1,13,0.9,0,4.1,1.0,3,False,False,Probation
STU0169,Male,20,Computer Science,Sophomore,3.15,2.52,8.1,85.2,64.8,60.8,61.0,61.1,67.7,63.1,73.3,78.1,5,14,0.1,5,6.7,1.0,4,True,True,Good Standing
STU0170,Female,20,Engineering,Junior,2.61,2.4,10.2,92.5,59.2,53.1,74.9,64.9,47.3,59.9,63.7,100.0,3,5,0.9,5,6.6,20.5,3,False,False,Probation
STU0171,Female,20,Biology,Junior,2.79,2.19,2.1,78.8,66.1,46.4,64.2,47.9,49.6,54.8,52.1,81.8,1,17,0.2,10,6.9,0.7,4,False,False,Probation
STU0172,Male,22,Biology,Sophomore,2.47,1.89,2.8,62.6,44.9,46.7,51.5,47.0,45.8,47.2,46.3,43.5,4,15,7.7,15,6.9,9.3,4,False,False,Academic Warning
STU0173,Male,19,Business,Freshman,3.19,2.64,3.7,93.9,74.5,57.9,59.0,72.1,66.4,66.0,57.8,94.3,7,10,3.3,15,6.3,2.1,4,False,True,Good Standing
STU0174,Male,22,Economics,Junior,3.22,2.68,7.8,84.7,70.5,57.1,65.6,63.2,79.0,67.1,70.9,94.9,1,11,6.5,0,6.2,0.5,4,False,True,Good Standing
STU0175,Female,19,Mathematics,Sophomore,2.64,2.24,5.9,79.2,43.4,69.9,50.7,54.3,61.3,55.9,46.2,86.9,3,8,3.8,20,7.4,0.5,4,False,False,Probation
STU0176,Male,20,Computer Science,Junior,3.53,1.95,4.5,62.7,42.6,52.5,40.5,61.9,46.2,48.7,56.2,72.7,2,4,0.4,0,5.8,3.7,3,False,False,Academic Warning
STU0177,Female,20,Psychology,Freshman,2.58,2.16,8.5,75.6,51.5,60.1,53.7,47.0,57.4,53.9,51.8,100.0,1,12,8.5,10,6.9,0.6,4,False,False,Probation
STU0178,Male,22,Physics,Freshman,2.36,3.05,29.1,93.4,77.5,80.8,79.2,61.0,82.6,76.2,67.1,97.5,3,17,6.9,10,6.2,7.3,1,True,True,Good Standing
STU0179,Female,22,Economics,Freshman,2.37,1.65,2.0,55.1,34.5,38.7,42.0,47.8,43.5,41.3,52.1,67.0,2,17,1.3,10,7.4,8.3,5,False,False,Academic Warning
STU0180,Male,19,Economics,Sophomore,3.09,2.42,6.1,84.7,56.4,55.3,59.7,67.3,64.3,60.6,80.7,48.3,4,20,0.4,0,8.7,3.7,5,False,True,Good Standing
STU0181,Male,21,Business,Senior,1.91,2.05,14.1,68.1,52.0,45.0,57.1,53.4,48.8,51.3,56.8,96.0,1,9,3.7,0,8.7,10.9,3,False,False,Probation
STU0182,Male,19,Psychology,Freshman,2.73,2.7,8.2,92.6,78.9,59.2,69.5,78.5,51.6,67.5,67.3,93.6,3,16,3.9,5,8.9,5.4,3,False,True,Good Standing
STU0183,Female,22,Engineering,Senior,1.56,1.77,3.1,69.3,47.2,48.4,38.8,32.1,54.9,44.3,38.6,56.3,1,9,6.8,0,6.5,4.5,1,False,False,Academic Warning
STU0184,Female,23,Engineering,Sophomore,3.82,2.48,8.9,75.3,80.3,65.8,59.7,55.5,48.2,61.9,66.0,72.3,1,17,0.2,0,6.6,4.2,5,True,True,Good Standing
STU0185,Male,22,Business,Junior,1.5,2.16,15.9,67.8,53.4,59.4,61.6,46.8,49.1,54.1,61.2,77.8,3,9,0.5,10,5.1,4.5,5,False,False,Probation
STU0186,Female,23,Biology,Freshman,3.73,2.78,5.7,88.2,66.1,71.8,66.5,75.0,67.5,69.4,71.4,100.0,2,7,2.7,5,6.5,27.5,3,False,True,Good Standing
STU0187,Female,18,Engineering,Senior,2.81,1.95,11.1,40.0,46.5,37.1,47.7,54.2,57.8,48.7,57.8,38.6,7,12,2.9,10,6.5,9.2,4,False,False,Academic Warning
STU0188,Female,22,Mathematics,Junior,3.04,2.91,3.9,95.1,65.0,71.2,69.2,79.8,78.5,72.7,86.9,100.0,6,10,0.1,0,6.1,3.0,3,False,True,Good Standing
STU0189,Female,18,Computer Science,Freshman,2.77,1.69,3.4,40.0,34.8,55.4,31.5,35.2,54.9,42.4,34.3,36.1,1,3,1.5,15,6.1,10.6,4,False,False,Academic Warning
STU0190,Male,21,Economics,Freshman,2.58,2.45,5.1,89.0,61.3,59.6,66.6,55.3,63.8,61.3,65.7,96.4,2,13,2.6,0,4.5,3.2,4,False,True,Good Standing
STU0191,Male,19,Economics,Senior,1.92,2.52,10.4,95.6,56.7,64.0,72.7,65.7,56.5,63.1,49.9,98.7,2,21,4.0,15,5.0,1.1,4,True,True,Good Standing
STU0192,Female,23,Mathematics,Senior,2.52,2.37,19.2,76.6,60.2,72.9,54.6,50.2,58.2,59.2,54.7,81.1,2,7,1.1,5,7.1,5.2,5,False,False,Probation
STU0193,Female,19,Psychology,Freshman,2.44,2.45,18.4,70.8,57.4,70.9,58.2,61.3,58.6,61.3,69.0,66.1,1,8,2.0,5,7.1,11.1,4,False,True,Good Standing
STU0194,Female,18,Engineering,Junior,2.45,2.33,5.1,86.1,48.7,62.1,55.4,65.5,59.5,58.2,59.9,92.2,2,6,5.0,15,7.7,3.8,2,False,False,Probation
STU0195,Male,23,Economics,Senior,2.58,2.59,8.4,93.6,56.9,49.1,68.1,75.8,74.2,64.8,53.9,81.2,2,16,9.2,0,6.6,16.3,4,True,True,Good Standing
STU0196,Male,19,Physics,Senior,1.91,2.19,8.1,82.0,43.6,70.3,52.0,51.3,57.1,54.9,65.3,84.9,2,23,0.8,0,7.0,3.9,4,False,False,Probation
STU0197,Female,22,Psychology,Senior,2.56,2.44,11.6,73.0,59.2,58.6,58.9,55.7,73.1,61.1,58.8,63.4,2,8,0.9,5,8.9,3.4,5,False,True,Good Standing
STU0198,Female,20,Computer Science,Junior,3.03,1.86,2.0,72.8,46.4,49.5,42.8,36.4,57.0,46.4,55.2,57.9,2,9,8.4,0,6.9,50.0,3,False,False,Academic Warning
STU0199,Female,18,Computer Science,Sophomore,3.73,2.34,7.6,60.3,68.6,52.5,62.7,52.6,56.3,58.5,64.6,49.7,0,10,1.5,5,6.1,5.3,4,False,False,Probation
STU0200,Female,19,Economics,Sophomore,3.51,2.09,2.0,52.4,46.1,57.4,67.8,47.1,42.5,52.2,47.5,49.3,1,10,3.8,0,5.2,13.1,4,False,False,Probation
STU0201,Female,18,Business,Sophomore,3.25,2.95,21.7,76.8,87.0,74.3,65.3,67.4,75.0,73.8,82.8,68.8,4,8,2.8,15,8.2,13.1,4,True,True,Good Standing
STU0202,Male,24,Psychology,Junior,2.3,2.41,16.7,81.0,65.4,56.8,66.5,56.2,56.7,60.3,64.9,86.9,3,8,1.0,10,4.4,20.9,3,True,True,Good Standing
STU0203,Male,18,Economics,Junior,2.76,1.98,4.6,59.2,49.9,39.4,54.5,49.6,54.1,49.5,52.9,60.3,3,10,3.2,0,5.7,0.7,5,False,False,Academic Warning
STU0204,Female,23,Business,Freshman,2.16,2.82,23.4,96.2,64.4,64.7,73.9,71.9,77.0,70.4,68.6,100.0,5,18,3.2,15,7.6,2.5,3,False,True,Good Standing
STU0205,Female,24,Economics,Senior,3.27,2.57,3.5,96.6,63.5,72.1,73.3,62.1,50.8,64.4,57.5,95.3,4,11,2.7,0,4.1,11.7,3,False,True,Good Standing
STU0206,Male,23,Physics,Junior,2.86,2.71,8.8,86.8,68.9,63.5,68.5,62.9,75.0,67.8,66.4,89.5,0,10,0.3,0,6.1,6.6,5,False,True,Good Standing
STU0207,Male,20,Psychology,Sophomore,3.33,2.47,8.0,83.9,67.7,53.8,66.0,63.4,57.8,61.7,60.2,100.0,3,12,16.0,0,7.2,6.6,1,False,True,Good Standing
STU0208,Female,24,Biology,Sophomore,1.71,1.92,3.0,82.0,51.1,42.2,47.0,51.8,48.2,48.1,56.9,75.4,2,8,1.5,10,6.4,1.5,3,False,False,Academic Warning
STU0209,Male,22,Computer Science,Sophomore,3.5,2.42,13.7,58.8,63.1,62.0,55.0,58.7,63.6,60.5,49.3,54.5,3,13,3.1,5,5.5,2.6,4,False,True,Good Standing
STU0210,Male,18,Economics,Freshman,3.38,2.52,13.2,72.0,67.4,65.3,60.4,64.3,57.7,63.0,76.8,90.0,6,19,6.5,10,6.1,5.9,3,False,True,Good Standing
STU0211,Female,19,Physics,Freshman,2.74,2.18,12.5,71.7,52.0,58.7,63.0,47.3,51.7,54.5,68.7,57.3,2,6,1.7,0,8.2,2.6,5,False,False,Probation
STU0212,Female,21,Business,Freshman,3.01,2.54,8.4,93.1,53.7,69.3,64.2,64.7,66.1,63.6,60.5,100.0,4,10,4.5,20,9.7,1.9,4,True,True,Good Standing
STU0213,Female,18,Business,Freshman,2.56,2.67,14.5,77.9,64.0,67.0,47.0,82.0,73.5,66.7,79.9,74.3,5,10,10.7,10,7.2,0.7,4,False,True,Good Standing
STU0214,Male,18,Computer Science,Sophomore,3.54,2.44,5.7,69.4,43.3,57.9,66.9,78.6,58.5,61.0,55.0,56.9,6,15,1.3,0,4.0,1.4,3,False,True,Good Standing
STU0215,Female,20,Mathematics,Sophomore,3.64,2.9,14.1,97.5,60.7,84.9,66.3,85.4,65.3,72.5,83.5,100.0,2,2,1.6,10,7.9,11.7,3,True,True,Good Standing
STU0216,Male,22,Economics,Freshman,3.48,2.06,7.4,55.2,54.9,48.3,47.4,56.5,50.4,51.5,46.9,51.5,3,5,7.1,10,6.4,10.1,4,False,False,Probation
STU0217,Male,21,Psychology,Junior,2.07,2.25,6.4,92.3,63.9,48.1,54.2,58.8,56.8,56.4,66.6,100.0,1,27,0.5,0,5.4,0.5,4,False,False,Probation
STU0218,Female,24,Engineering,Freshman,3.2,2.51,10.5,84.6,56.1,76.5,55.5,57.9,67.2,62.6,53.1,85.8,5,13,0.1,0,5.8,1.8,5,False,True,Good Standing
STU0219,Female,24,Business,Senior,3.27,2.56,10.6,97.3,61.0,52.7,67.9,68.3,70.5,64.1,74.7,98.4,6,11,7.2,0,5.9,6.6,3,False,True,Good Standing
STU0220,Female,24,Psychology,Senior,3.61,2.71,7.0,95.7,80.8,63.5,66.8,60.9,66.4,67.7,80.0,86.9,4,11,5.2,15,4.9,3.1,4,False,True,Good Standing
STU0221,Female,23,Psychology,Freshman,3.77,2.78,4.4,87.8,74.5,63.6,67.0,69.1,73.8,69.6,59.8,85.6,3,7,10.8,10,6.9,13.9,3,True,True,Good Standing
STU0222,Female,23,Biology,Sophomore,2.93,2.68,10.5,78.2,58.7,67.1,56.8,69.7,82.8,67.0,83.1,74.1,4,4,0.2,0,9.7,12.3,4,False,True,Good Standing
STU0223,Male,19,Psychology,Freshman,3.78,2.23,2.0,73.2,55.5,47.5,52.9,60.2,62.7,55.8,65.9,93.2,8,18,0.5,0,5.4,17.8,4,False,False,Probation
STU0224,Male,21,Psychology,Junior,3.58,2.6,5.0,79.2,58.2,66.3,67.4,65.5,67.0,64.9,50.9,83.6,2,9,0.3,5,9.7,6.6,2,False,True,Good Standing
STU0225,Male,24,Biology,Junior,3.13,2.4,9.8,73.0,57.3,60.9,62.2,53.4,66.6,60.1,58.2,83.6,5,17,3.5,5,7.3,3.5,4,False,True,Good Standing
STU0226,Male,23,Business,Freshman,3.44,2.37,3.5,79.3,58.0,75.6,45.6,48.1,69.5,59.4,69.7,80.7,2,1,2.8,10,6.9,7.5,1,False,False,Probation
STU0227,Female,19,Psychology,Sophomore,2.99,2.04,7.7,87.3,33.5,54.7,56.6,65.2,45.0,51.0,58.8,81.1,4,0,1.3,20,6.5,0.7,4,False,False,Probation
STU0228,Male,22,Mathematics,Freshman,2.43,2.34,10.3,67.4,53.1,57.4,60.6,64.9,56.9,58.6,61.5,72.9,4,5,0.2,5,5.8,0.5,4,False,False,Probation
STU0229,Female,19,Mathematics,Freshman,3.0,2.14,6.5,77.5,63.9,57.5,50.1,56.2,39.6,53.5,62.9,100.0,2,8,3.1,5,7.4,0.5,2,False,False,Probation
STU0230,Female,23,Physics,Junior,3.26,2.39,5.9,86.0,49.8,61.6,65.9,48.4,73.6,59.9,54.9,70.3,3,6,2.5,0,7.8,4.2,5,False,False,Probation
STU0231,Female,20,Biology,Sophomore,3.28,2.39,5.0,91.1,63.4,60.1,55.8,60.8,58.7,59.8,62.1,97.4,5,19,0.4,15,4.0,2.1,4,False,False,Probation
STU0232,Male,20,Physics,Junior,2.27,2.19,8.9,76.0,63.9,60.8,53.5,51.4,44.4,54.8,50.0,98.4,2,11,7.2,0,10.0,1.4,5,False,False,Probation
STU0233,Female,24,Biology,Sophomore,3.01,2.82,15.5,67.9,56.0,69.9,76.3,71.6,78.1,70.4,73.5,55.7,3,29,0.7,0,4.3,7.6,2,True,True,Good Standing
STU0234,Male,20,Economics,Senior,3.07,2.54,6.2,74.2,59.7,59.1,63.1,65.3,70.1,63.5,73.5,88.0,1,12,4.1,10,6.2,42.5,5,True,True,Good Standing
STU0235,Male,24,Economics,Freshman,3.57,2.53,3.0,84.2,51.4,86.1,60.3,60.9,57.3,63.2,71.5,98.0,5,24,6.5,0,4.0,1.6,2,True,True,Good Standing
STU0236,Female,24,Psychology,Sophomore,2.12,2.51,11.8,85.1,60.4,56.4,71.9,70.4,54.8,62.8,66.6,65.7,1,4,2.6,0,6.6,6.3,4,False,True,Good Standing
STU0237,Male,23,Engineering,Junior,3.82,2.82,10.2,83.5,74.1,77.4,64.7,70.3,66.2,70.5,80.5,100.0,3,4,0.9,10,6.3,1.0,5,True,True,Good Standing
STU0238,Male,20,Economics,Sophomore,2.47,2.8,22.9,80.1,73.7,77.8,69.2,65.6,63.2,69.9,80.6,71.2,2,6,1.1,0,6.2,21.8,3,False,True,Good Standing
STU0239,Female,24,Engineering,Senior,2.11,2.43,12.7,80.9,58.4,63.5,61.0,50.4,70.6,60.8,77.2,86.3,5,15,6.5,0,7.5,2.8,1,False,True,Good Standing
STU0240,Male,21,Economics,Junior,1.53,2.14,4.8,97.3,59.2,60.0,57.4,45.0,45.8,53.5,64.8,100.0,6,20,1.1,5,6.6,16.9,5,False,False,Probation
STU0241,Female,22,Computer Science,Junior,2.51,2.32,3.9,84.0,66.3,66.4,50.4,50.0,56.4,57.9,65.2,100.0,1,5,4.1,5,7.8,2.7,4,False,False,Probation
STU0242,Female,19,Economics,Junior,3.26,2.41,5.1,68.1,52.5,59.8,60.8,54.5,74.1,60.3,69.8,45.1,6,4,13.9,0,5.1,13.1,4,False,True,Good Standing
STU0243,Female,19,Physics,Senior,1.5,2.45,18.3,97.2,64.9,70.4,53.5,58.4,59.0,61.2,65.2,100.0,2,16,20.0,20,7.1,1.9,1,False,True,Good Standing
STU0244,Male,23,Business,Senior,3.12,2.84,11.0,91.9,71.9,61.2,58.2,76.9,86.2,70.9,70.6,100.0,4,13,2.3,0,6.1,2.8,4,True,True,Good Standing
STU0245,Male,20,Psychology,Junior,2.42,2.39,12.7,84.2,77.1,40.2,64.1,61.9,55.8,59.8,68.8,99.9,2,19,5.3,10,6.4,1.7,3,False,False,Probation
STU0246,Female,20,Physics,Junior,2.93,2.47,12.0,97.4,44.1,71.8,69.5,67.7,56.1,61.8,69.9,100.0,4,3,13.9,0,7.4,2.5,5,False,True,Good Standing
STU0247,Male,24,Business,Freshman,1.5,2.36,13.5,88.8,66.2,55.3,65.8,60.4,47.0,58.9,63.3,82.3,2,27,1.4,5,6.2,14.4,4,False,False,Probation
STU0248,Female,18,Mathematics,Freshman,2.86,2.4,4.1,95.6,67.1,60.7,62.7,67.3,41.6,59.9,60.3,79.4,2,6,0.9,0,6.8,8.2,4,False,False,Probation
STU0249,Female,24,Physics,Sophomore,2.61,2.24,7.2,84.0,63.2,54.5,52.5,48.1,61.7,56.0,56.0,59.6,3,18,0.4,0,5.3,4.2,3,False,False,Probation
STU0250,Female,22,Mathematics,Freshman,2.33,2.46,8.8,93.9,72.2,59.3,67.0,56.2,52.7,61.5,60.2,100.0,3,16,0.5,0,8.6,28.5,5,True,True,Good Standing
STU0251,Male,21,Engineering,Sophomore,3.84,2.94,13.0,77.4,68.9,71.2,81.4,64.7,81.4,73.5,85.6,93.2,4,3,5.8,5,8.1,5.0,4,False,True,Good Standing
STU0252,Male,19,Engineering,Freshman,2.92,2.62,8.8,87.7,66.4,70.2,67.0,62.6,61.8,65.6,77.0,86.5,1,15,2.7,5,7.1,28.0,5,True,True,Good Standing
STU0253,Female,24,Computer Science,Sophomore,3.42,2.51,11.3,80.1,60.6,68.9,60.3,58.2,66.0,62.8,73.9,73.2,1,7,6.2,0,6.6,1.8,3,False,True,Good Standing
STU0254,Male,18,Economics,Junior,3.75,2.33,7.2,80.0,57.3,54.7,57.5,74.5,47.5,58.3,51.9,81.1,2,16,4.7,20,6.8,18.8,5,False,False,Probation
STU0255,Male,18,Physics,Senior,1.97,2.02,8.4,65.2,54.6,58.4,48.4,44.1,47.1,50.5,49.6,55.6,1,8,3.4,0,8.6,0.5,4,False,False,Probation
STU0256,Female,24,Mathematics,Freshman,3.44,2.89,5.6,96.8,59.2,81.7,84.8,68.7,66.8,72.2,72.2,97.1,3,4,2.8,5,8.0,6.3,1,False,True,Good Standing
STU0257,Female,23,Business,Sophomore,2.56,1.74,4.5,65.2,48.2,47.6,35.6,46.8,39.5,43.5,40.7,54.7,2,3,0.1,0,8.6,4.4,4,False,False,Academic Warning
STU0258,Female,19,Engineering,Senior,3.86,2.74,10.2,72.8,54.9,72.1,84.2,61.3,69.7,68.4,85.3,82.0,2,14,6.2,5,6.5,6.0,3,True,True,Good Standing
STU0259,Female,23,Economics,Freshman,3.13,2.09,5.5,56.8,40.4,58.7,51.7,53.7,57.1,52.3,57.5,75.5,2,4,1.6,15,7.7,6.4,3,False,False,Probation
STU0260,Male,21,Engineering,Junior,2.0,1.85,4.6,83.1,44.1,39.4,46.9,52.7,48.1,46.2,50.9,90.8,0,15,2.5,5,8.8,3.9,3,False,False,Academic Warning
STU0261,Female,18,Business,Sophomore,3.51,1.9,6.2,40.0,60.9,48.4,34.1,53.9,40.1,47.5,45.8,38.8,4,18,0.1,0,5.6,50.0,4,False,False,Academic Warning
STU0262,Female,18,Economics,Sophomore,2.32,2.1,7.9,55.1,61.6,38.1,52.2,47.9,63.2,52.6,61.5,70.0,5,21,8.3,0,5.5,30.0,4,False,False,Probation
STU0263,Male,22,Economics,Senior,3.32,2.58,9.5,84.1,68.7,66.4,64.3,57.2,65.3,64.4,83.9,84.3,5,16,7.0,15,7.4,26.1,4,False,True,Good Standing
STU0264,Male,21,Mathematics,Freshman,2.97,2.13,4.6,67.3,55.4,52.8,61.5,41.9,54.2,53.2,55.8,81.6,5,5,2.4,0,5.1,30.9,1,False,False,Probation
STU0265,Female,18,Mathematics,Junior,2.04,1.75,6.7,56.9,58.0,47.1,27.6,37.4,48.8,43.8,43.9,47.3,3,25,2.6,0,4.3,12.6,5,False,False,Academic Warning
STU0266,Female,21,Physics,Junior,2.67,2.38,9.7,82.3,60.9,57.8,66.5,53.1,59.7,59.6,60.9,74.7,2,22,3.7,0,8.8,35.8,5,False,False,Probation
STU0267,Female,19,Physics,Freshman,1.7,1.68,4.6,81.9,47.5,32.1,43.5,32.5,54.5,42.0,41.4,67.0,3,2,0.9,0,9.0,17.8,3,False,False,Academic Warning
STU0268,Female,20,Biology,Junior,3.4,2.9,17.1,94.8,82.7,66.3,57.1,82.5,73.8,72.5,74.5,87.8,3,12,0.8,0,5.2,4.3,3,False,True,Good Standing
STU0269,Male,18,Psychology,Senior,3.13,2.53,15.1,77.1,64.6,62.2,61.8,66.9,60.4,63.2,60.3,91.8,5,10,3.4,15,4.9,12.3,4,False,True,Good Standing
STU0270,Male,22,Biology,Freshman,2.51,2.51,11.1,77.9,64.7,67.7,45.6,50.7,84.8,62.7,57.6,64.8,1,17,0.3,10,6.0,19.4,4,True,True,Good Standing
STU0271,Female,19,Computer Science,Senior,3.5,2.81,11.8,91.6,78.9,63.8,65.0,75.7,68.4,70.4,72.2,57.0,1,26,1.8,10,8.9,10.0,4,True,True,Good Standing
STU0272,Female,24,Engineering,Junior,3.12,2.68,7.2,87.0,75.4,78.5,57.8,67.4,55.4,66.9,69.5,80.7,3,14,2.0,0,6.4,4.4,4,False,True,Good Standing
STU0273,Female,21,Physics,Junior,3.25,2.49,6.4,90.4,60.1,71.2,56.0,64.3,59.4,62.2,62.0,72.7,0,14,1.4,5,7.1,0.5,2,False,True,Good Standing
STU0274,Female,24,Mathematics,Junior,3.2,2.78,22.0,70.9,69.0,62.8,68.4,79.1,67.6,69.4,83.0,63.3,2,5,0.6,5,7.5,13.3,5,False,True,Good Standing
STU0275,Male,23,Business,Freshman,3.04,2.3,8.6,83.7,69.6,57.5,60.8,40.1,60.0,57.6,62.9,100.0,2,6,1.3,10,7.3,24.4,4,False,False,Probation
STU0276,Male,19,Mathematics,Senior,2.2,2.62,6.6,94.1,75.8,65.8,66.3,57.7,62.0,65.5,73.5,80.7,1,6,1.2,0,9.2,3.6,3,False,True,Good Standing
STU0277,Female,24,Engineering,Senior,3.37,2.31,4.3,76.7,58.7,53.9,59.3,56.1,61.0,57.8,66.0,86.2,5,4,2.1,20,5.9,1.3,2,False,False,Probation
STU0278,Female,18,Biology,Junior,2.72,2.7,8.5,98.0,48.4,57.2,80.3,72.4,79.4,67.5,70.4,96.8,1,1,3.4,5,6.8,3.2,4,False,True,Good Standing
STU0279,Female,21,Mathematics,Junior,2.49,2.15,8.9,64.1,58.8,47.3,56.4,53.3,53.0,53.8,57.5,69.7,4,14,10.3,20,7.3,7.0,4,False,False,Probation
STU0280,Female,20,Psychology,Junior,3.06,2.26,8.4,82.4,46.4,60.0,52.3,69.2,55.1,56.6,51.7,74.8,1,9,0.5,0,6.9,3.0,4,False,False,Probation
STU0281,Female,19,Computer Science,Sophomore,3.35,2.86,11.7,81.7,82.9,59.7,56.7,69.5,89.1,71.6,78.8,99.1,5,9,6.2,0,5.2,7.5,5,False,True,Good Standing
STU0282,Male,18,Engineering,Junior,2.69,2.58,6.7,93.8,67.7,63.1,53.6,64.4,73.4,64.4,63.8,100.0,3,13,1.0,0,4.8,27.3,3,False,True,Good Standing
STU0283,Male,22,Biology,Sophomore,1.77,2.62,17.1,86.9,64.1,79.4,68.4,63.8,52.0,65.5,62.4,93.7,3,11,2.7,15,4.8,8.9,5,True,True,Good Standing
STU0284,Male,23,Psychology,Junior,3.11,2.16,5.6,63.3,55.2,54.1,46.1,68.3,46.1,54.0,66.4,64.8,1,5,2.4,0,8.1,3.6,4,False,False,Probation
STU0285,Female,21,Business,Junior,3.83,2.67,6.0,86.9,63.4,71.0,67.6,63.9,67.5,66.7,58.0,100.0,4,3,2.4,15,5.8,22.0,4,True,True,Good Standing
STU0286,Male,19,Biology,Sophomore,3.01,2.4,6.5,80.3,62.2,57.0,66.3,59.3,55.6,60.1,75.8,88.7,4,23,3.9,15,7.7,6.7,5,False,True,Good Standing
STU0287,Male,19,Economics,Freshman,2.37,2.15,7.1,78.6,44.2,73.2,54.2,57.5,39.4,53.7,68.8,84.1,5,5,1.4,10,7.1,1.1,4,False,False,Probation
STU0288,Female,20,Psychology,Freshman,2.73,2.42,5.1,87.1,52.9,51.2,62.5,65.5,70.6,60.5,60.8,96.9,0,10,1.2,10,5.5,5.5,3,False,True,Good Standing
STU0289,Male,20,Psychology,Sophomore,3.63,2.58,2.0,96.3,71.9,67.7,61.0,71.1,51.4,64.6,80.9,69.9,4,10,5.7,10,5.6,8.5,5,True,True,Good Standing
STU0290,Female,22,Computer Science,Junior,3.22,2.56,4.9,97.2,62.8,69.8,65.1,69.4,52.4,63.9,58.8,100.0,1,12,0.7,10,7.2,14.6,4,False,True,Good Standing
STU0291,Male,23,Engineering,Junior,3.24,2.64,11.5,96.5,71.4,63.3,67.4,67.8,59.7,65.9,75.9,95.6,4,14,0.6,0,7.1,22.1,4,False,True,Good Standing
STU0292,Male,22,Business,Junior,2.75,2.28,3.4,89.4,59.7,60.8,58.7,58.7,46.7,56.9,59.1,100.0,4,14,0.0,10,7.7,3.1,5,False,False,Probation
STU0293,Female,18,Computer Science,Sophomore,2.31,1.89,11.3,53.0,48.0,55.5,39.0,37.9,55.5,47.2,34.7,42.5,1,30,0.7,15,6.3,1.4,4,False,False,Academic Warning
STU0294,Male,18,Biology,Junior,3.52,2.98,22.3,78.6,73.3,69.2,87.5,69.6,73.5,74.6,71.6,81.7,3,3,2.2,0,5.7,0.6,4,True,True,Good Standing
STU0295,Male,22,Computer Science,Sophomore,2.78,2.57,15.9,77.4,71.9,52.2,68.5,74.3,54.6,64.3,64.9,100.0,1,15,2.3,20,7.2,10.7,4,True,True,Good Standing
STU0296,Female,23,Psychology,Sophomore,2.89,2.93,8.9,97.5,73.5,71.3,74.0,72.1,75.4,73.3,81.5,97.1,2,13,0.9,0,9.1,12.7,4,False,True,Good Standing
STU0297,Female,22,Engineering,Junior,3.67,2.83,5.9,95.0,62.7,71.7,64.3,76.0,79.0,70.7,68.9,75.0,3,12,0.2,0,4.2,4.2,2,False,True,Good Standing
STU0298,Male,23,Physics,Senior,2.75,2.12,6.2,62.2,48.9,53.2,55.6,60.7,46.7,53.0,52.8,94.8,1,9,4.1,0,5.8,4.0,5,False,False,Probation
STU0299,Female,23,Computer Science,Sophomore,3.44,2.92,8.8,93.6,86.0,63.1,69.9,71.7,74.5,73.0,79.4,82.8,2,4,4.3,0,7.9,24.7,1,True,True,Good Standing
STU0300,Male,24,Economics,Freshman,3.32,2.41,11.5,88.9,66.1,52.7,54.0,76.4,51.9,60.2,66.1,73.3,1,15,18.4,15,7.3,19.9,4,True,True,Good Standing
STU0301,Male,21,Computer Science,Freshman,3.63,2.9,12.9,85.7,64.6,80.0,51.7,83.5,82.1,72.4,73.6,70.7,2,11,6.9,20,7.9,2.1,5,False,True,Good Standing
STU0302,Female,23,Biology,Freshman,3.65,2.86,20.2,72.6,80.0,67.5,60.1,68.1,81.4,71.4,71.0,83.6,5,27,7.8,15,6.4,12.1,3,True,True,Good Standing
STU0303,Female,20,Biology,Junior,3.17,2.39,23.6,62.1,65.9,60.9,56.3,60.6,55.5,59.8,69.4,81.5,0,11,4.8,20,4.6,7.8,2,False,False,Probation
STU0304,Female,23,Business,Sophomore,3.24,2.3,10.3,74.8,48.2,54.9,55.5,55.5,73.7,57.6,57.1,100.0,3,9,2.9,0,9.5,1.3,3,False,False,Probation
STU0305,Female,23,Biology,Sophomore,3.31,2.65,5.1,85.2,70.8,70.5,52.5,70.9,66.3,66.2,58.7,85.4,2,7,0.4,0,8.6,3.5,4,False,True,Good Standing
STU0306,Female,23,Mathematics,Sophomore,3.77,2.58,11.5,56.4,55.4,73.3,65.1,80.8,48.5,64.6,63.5,41.6,2,13,2.9,5,7.0,1.6,5,False,True,Good Standing
STU0307,Male,24,Engineering,Freshman,2.87,2.15,3.6,80.6,41.4,49.3,61.6,65.6,51.4,53.9,60.2,72.1,3,12,0.2,15,5.7,2.8,4,False,False,Probation
STU0308,Male,24,Engineering,Sophomore,2.66,2.02,4.2,68.6,54.4,45.3,56.7,45.0,51.6,50.6,51.4,69.1,2,8,6.5,0,6.3,7.6,2,False,False,Probation
STU0309,Female,18,Physics,Freshman,2.68,2.61,14.9,88.8,58.5,63.6,81.6,61.7,60.4,65.2,63.1,88.5,3,8,2.0,20,7.3,3.8,4,True,True,Good Standing
STU0310,Male,24,Physics,Sophomore,2.83,2.35,10.8,74.1,53.6,55.2,60.1,63.9,61.1,58.8,50.7,93.7,0,10,3.6,10,6.6,4.0,4,False,False,Probation
STU0311,Male,20,Engineering,Freshman,3.18,2.62,9.6,90.0,69.6,57.8,65.0,60.3,75.2,65.6,66.4,70.3,1,7,0.2,20,7.0,6.2,3,True,True,Good Standing
STU0312,Male,20,Economics,Senior,3.75,3.24,20.0,87.9,80.8,86.8,76.2,78.4,83.4,81.1,84.9,71.1,7,10,2.3,0,9.4,0.7,4,False,True,Good Standing
STU0313,Male,24,Physics,Freshman,3.41,2.89,10.4,88.9,72.6,75.7,74.9,65.9,72.3,72.3,66.2,84.3,2,18,1.1,5,8.4,10.7,3,False,True,Good Standing
STU0314,Female,22,Business,Senior,3.69,2.67,9.0,88.0,64.5,57.6,59.7,69.9,81.5,66.6,67.1,93.5,3,10,1.0,15,5.2,4.1,5,False,True,Good Standing
STU0315,Female,21,Biology,Sophomore,2.8,2.47,7.5,89.7,71.2,64.3,57.2,58.6,57.5,61.8,55.0,83.1,1,11,1.5,15,7.1,5.2,3,True,True,Good Standing
STU0316,Female,24,Engineering,Senior,3.51,2.53,5.6,75.5,67.6,64.6,74.7,64.7,44.9,63.3,64.3,67.7,1,11,0.0,0,6.2,29.3,3,True,True,Good Standing
STU0317,Male,23,Psychology,Junior,3.2,2.8,10.4,85.8,73.4,72.1,66.8,70.2,68.1,70.1,85.9,100.0,3,9,1.9,20,7.4,3.4,5,False,True,Good Standing
STU0318,Male,19,Physics,Junior,3.26,2.54,7.3,85.1,52.8,54.6,65.9,67.0,76.8,63.4,66.8,92.1,5,10,2.0,15,6.9,8.4,4,False,True,Good Standing
STU0319,Male,21,Engineering,Junior,1.8,1.84,3.2,65.0,49.3,50.9,40.9,41.2,47.2,45.9,35.2,50.2,1,15,6.0,0,10.0,4.0,3,False,False,Academic Warning
STU0320,Male,21,Mathematics,Sophomore,2.8,2.33,9.0,82.9,70.1,58.9,52.8,59.0,50.6,58.3,62.9,75.3,0,17,1.8,0,7.6,18.0,5,False,False,Probation
STU0321,Female,20,Computer Science,Sophomore,3.33,2.88,7.7,97.5,66.4,72.4,74.5,75.2,71.9,72.1,84.6,100.0,3,5,1.4,5,6.8,15.0,4,False,True,Good Standing
STU0322,Female,21,Biology,Sophomore,2.65,2.29,14.9,86.9,56.3,56.4,62.0,44.0,67.1,57.2,48.1,68.0,6,8,15.7,5,9.8,2.2,3,False,False,Probation
STU0323,Female,24,Engineering,Junior,3.42,2.41,2.0,91.9,47.1,59.7,59.6,67.4,67.1,60.2,53.8,99.6,5,13,2.5,10,7.3,9.4,4,True,True,Good Standing
STU0324,Male,23,Computer Science,Freshman,2.43,2.11,11.3,85.8,52.4,53.7,59.2,44.6,54.0,52.8,56.8,80.6,4,10,1.9,0,4.7,0.5,5,False,False,Probation
STU0325,Female,23,Physics,Sophomore,3.38,2.35,7.9,71.4,59.9,48.8,71.5,58.8,55.3,58.9,60.2,76.8,3,14,2.1,10,6.8,26.4,4,False,False,Probation
STU0326,Female,18,Computer Science,Junior,2.32,1.98,2.6,76.8,52.7,40.5,41.6,61.4,50.8,49.4,61.1,78.6,7,5,5.0,10,7.9,3.4,3,False,False,Academic Warning
STU0327,Female,23,Biology,Junior,3.43,2.85,8.6,94.2,62.1,61.3,78.0,75.9,79.4,71.3,71.9,77.4,2,22,1.2,0,7.7,14.3,4,False,True,Good Standing
STU0328,Female,23,Engineering,Junior,2.38,2.02,5.8,89.4,46.9,56.0,49.0,47.0,53.9,50.6,59.2,79.9,4,7,1.5,5,8.5,3.1,4,False,False,Probation
STU0329,Male,20,Mathematics,Junior,3.57,2.74,5.5,67.8,74.8,64.7,55.1,80.6,67.0,68.4,82.7,89.5,2,4,4.2,0,7.2,8.0,5,False,True,Good Standing
STU0330,Male,23,Economics,Senior,2.33,2.15,10.9,65.5,63.5,62.5,45.0,50.3,47.8,53.8,48.9,100.0,4,5,0.2,0,7.1,32.9,3,False,False,Probation
STU0331,Male,18,Physics,Freshman,2.62,2.93,12.3,89.4,72.5,70.2,67.9,69.7,86.5,73.4,81.3,63.2,4,14,6.0,10,4.9,16.7,4,False,True,Good Standing
STU0332,Female,19,Engineering,Sophomore,3.24,2.7,10.9,82.0,68.9,71.9,63.2,72.9,60.3,67.4,66.2,97.6,3,12,1.7,20,9.3,1.4,1,True,True,Good Standing
STU0333,Male,24,Biology,Sophomore,1.5,2.02,7.4,89.2,50.0,65.1,48.0,40.6,48.6,50.5,34.7,93.6,6,17,2.6,0,6.5,6.3,4,False,False,Probation
STU0334,Male,20,Physics,Sophomore,3.1,2.62,10.2,92.1,76.0,66.3,69.5,45.5,69.7,65.4,71.2,100.0,2,12,4.2,0,5.5,3.4,5,True,True,Good Standing
STU0335,Male,19,Business,Senior,3.24,2.68,10.9,86.5,62.5,74.9,66.8,59.7,71.4,67.1,73.9,78.2,7,10,0.9,0,10.0,4.6,3,False,True,Good Standing
STU0336,Male,20,Computer Science,Freshman,2.42,2.58,17.7,86.3,56.4,59.7,66.3,63.2,76.6,64.4,54.0,99.7,0,11,6.6,0,9.5,3.3,3,True,True,Good Standing
STU0337,Female,22,Economics,Junior,1.92,1.96,7.0,78.5,42.0,50.4,54.4,42.0,56.2,49.0,47.4,74.0,0,11,11.6,5,6.3,3.3,4,False,False,Academic Warning
STU0338,Female,21,Biology,Sophomore,3.14,2.37,9.6,74.0,57.4,60.5,59.0,61.7,57.2,59.2,56.2,93.2,4,15,2.0,10,4.2,6.3,4,False,False,Probation
STU0339,Male,22,Business,Junior,3.05,2.62,14.4,77.4,60.0,68.1,60.9,66.1,71.9,65.4,73.9,100.0,6,8,8.3,0,5.9,1.7,3,True,True,Good Standing
STU0340,Male,23,Psychology,Junior,1.9,2.44,13.2,91.1,61.9,60.5,62.6,64.5,55.3,61.0,50.6,94.3,5,7,0.0,20,9.4,6.2,4,False,True,Good Standing
STU0341,Male,19,Engineering,Sophomore,1.51,1.4,2.0,68.4,23.3,35.6,37.0,35.8,43.6,35.1,37.9,51.4,1,22,6.7,0,7.3,2.6,5,False,False,Academic Warning
STU0342,Male,23,Mathematics,Sophomore,2.48,1.96,5.8,76.3,59.5,51.4,55.8,36.1,42.6,49.1,32.4,97.6,2,29,1.1,15,5.0,2.7,4,False,False,Academic Warning
STU0343,Male,21,Physics,Sophomore,3.05,2.7,10.5,89.4,65.7,63.4,60.8,64.8,82.8,67.5,72.5,97.9,3,17,1.1,15,8.2,10.7,4,False,True,Good Standing
STU0344,Male,20,Computer Science,Freshman,3.69,2.54,4.5,96.4,61.1,55.4,71.1,55.2,74.3,63.4,66.4,100.0,6,7,0.8,5,6.7,0.5,3,True,True,Good Standing
STU0345,Male,21,Physics,Sophomore,3.51,2.45,4.6,72.9,57.5,70.1,51.2,64.4,63.5,61.3,59.3,96.7,5,17,1.1,0,6.0,3.8,5,True,True,Good Standing
STU0346,Female,18,Economics,Freshman,3.01,2.59,8.0,85.3,58.6,64.1,72.4,70.2,58.0,64.7,78.1,68.3,3,5,0.7,10,6.1,4.2,3,False,True,Good Standing
STU0347,Female,21,Engineering,Sophomore,2.44,2.61,11.4,95.7,72.2,66.3,62.6,62.0,62.9,65.2,46.2,84.9,4,15,7.1,10,9.0,5.3,3,False,True,Good Standing
STU0348,Male,18,Physics,Junior,2.56,2.16,4.9,89.1,68.8,63.7,41.2,52.8,43.2,53.9,55.8,98.0,4,18,6.9,15,7.8,8.8,3,False,False,Probation
STU0349,Male,21,Computer Science,Sophomore,2.58,2.16,9.2,64.5,54.4,62.2,45.4,48.5,59.9,54.1,65.7,53.4,2,5,0.3,10,4.8,3.7,4,False,False,Probation
STU0350,Female,24,Engineering,Junior,3.66,2.66,2.2,93.5,72.9,61.7,71.0,69.5,58.0,66.6,69.7,88.8,1,9,0.5,5,7.6,1.9,5,True,True,Good Standing
STU0351,Male,18,Physics,Freshman,1.5,2.28,6.1,81.8,53.1,53.4,61.4,51.6,66.0,57.1,70.0,100.0,5,12,5.9,15,7.2,17.3,2,False,False,Probation
STU0352,Female,19,Mathematics,Junior,3.53,2.9,15.8,90.6,75.0,77.1,71.3,80.7,58.1,72.4,70.8,97.1,1,10,1.5,20,6.4,31.7,5,True,True,Good Standing
STU0353,Female,23,Biology,Sophomore,3.06,2.41,2.0,90.2,60.5,60.3,68.2,60.7,51.7,60.3,60.9,72.5,2,12,0.6,10,6.4,0.5,5,False,True,Good Standing
STU0354,Male,23,Engineering,Sophomore,3.58,2.4,10.6,73.2,66.1,56.2,56.3,59.0,62.1,59.9,71.8,79.3,4,13,2.1,15,5.7,6.3,4,False,False,Probation
STU0355,Male,22,Biology,Senior,3.48,2.57,11.7,80.2,65.8,69.4,63.1,58.9,63.6,64.2,73.3,98.8,1,6,1.6,10,6.0,3.3,5,False,True,Good Standing
STU0356,Female,23,Psychology,Freshman,2.18,2.09,10.4,86.2,58.7,42.3,33.9,65.9,60.6,52.3,73.5,88.8,5,2,0.7,10,7.4,2.6,3,False,False,Probation
STU0357,Male,20,Engineering,Junior,2.77,2.44,4.5,90.3,64.9,76.2,50.6,54.8,58.8,61.1,63.9,100.0,3,6,3.8,10,6.6,3.3,3,False,True,Good Standing
STU0358,Female,24,Mathematics,Junior,3.39,2.2,10.7,46.8,45.5,55.5,44.9,68.1,61.0,55.0,58.6,39.0,4,1,3.0,10,7.8,8.1,5,False,False,Probation
STU0359,Female,21,Biology,Sophomore,2.21,2.8,19.6,84.5,74.7,62.9,67.9,69.9,74.7,70.0,68.3,88.4,2,6,0.3,0,5.8,1.7,4,False,True,Good Standing
STU0360,Female,22,Business,Freshman,3.29,2.77,7.1,91.2,69.7,67.2,65.0,86.6,57.6,69.2,69.6,67.5,3,11,7.8,10,8.1,19.5,3,False,True,Good Standing
STU0361,Male,20,Computer Science,Freshman,3.64,2.14,8.9,65.7,44.1,72.7,45.9,58.2,46.5,53.5,64.1,75.2,2,23,2.5,10,9.0,5.0,4,False,False,Probation
STU0362,Female,20,Business,Senior,2.12,2.0,6.5,69.4,47.4,34.7,41.9,63.9,61.7,49.9,51.9,74.8,2,7,0.9,0,7.0,3.2,5,False,False,Academic Warning
STU0363,Male,18,Physics,Sophomore,3.31,3.17,14.7,98.8,65.1,84.5,78.9,89.6,78.0,79.2,74.8,79.4,5,19,0.7,0,7.8,11.6,4,False,True,Good Standing
STU0364,Female,23,Mathematics,Sophomore,3.23,1.87,8.6,48.2,50.1,38.4,43.8,56.0,45.6,46.8,45.8,71.0,1,9,0.4,15,7.8,0.5,3,False,False,Academic Warning
STU0365,Female,19,Business,Sophomore,3.28,2.71,13.8,74.9,74.1,81.6,71.4,60.4,50.9,67.7,69.0,83.4,2,7,1.7,10,6.2,4.5,4,True,True,Good Standing
STU0366,Male,19,Engineering,Junior,3.4,2.68,12.2,83.9,56.8,69.7,78.4,62.1,68.4,67.1,63.1,73.6,4,16,0.4,0,7.8,3.5,5,False,True,Good Standing
STU0367,Female,22,Physics,Freshman,3.76,2.32,2.4,74.5,55.4,51.3,61.4,52.5,69.2,58.0,56.3,84.3,3,11,1.6,15,4.0,3.3,2,False,False,Probation
STU0368,Female,24,Physics,Sophomore,3.12,2.2,2.9,85.1,50.5,57.3,64.4,54.0,49.3,55.1,49.1,70.4,1,17,0.5,15,4.0,3.3,3,False,False,Probation
STU0369,Male,19,Business,Junior,1.82,1.66,4.3,74.7,42.4,31.4,41.4,42.9,49.6,41.5,40.2,62.0,2,5,3.2,5,6.5,0.5,4,False,False,Academic Warning
STU0370,Male,21,Psychology,Senior,3.05,2.21,5.2,67.8,58.6,53.8,48.4,60.8,54.1,55.1,66.5,53.1,2,13,4.6,0,8.0,1.3,4,False,False,Probation
STU0371,Male,19,Business,Freshman,2.66,2.52,15.5,98.8,55.2,67.2,61.5,66.7,64.7,63.1,65.4,83.7,0,26,2.4,20,6.9,1.2,3,False,True,Good Standing
STU0372,Male,22,Psychology,Sophomore,2.66,2.22,5.4,79.7,57.5,59.9,43.9,53.5,62.9,55.5,77.2,86.3,3,15,3.4,15,8.1,35.8,3,False,False,Probation
STU0373,Male,19,Mathematics,Sophomore,3.27,2.31,7.8,57.6,69.9,57.2,55.8,61.2,44.3,57.7,53.6,59.0,5,14,8.4,0,5.2,0.5,1,False,False,Probation
STU0374,Female,21,Computer Science,Junior,3.47,2.67,13.6,68.8,71.6,58.0,67.4,67.6,69.2,66.8,72.6,80.1,3,12,3.1,0,8.3,1.5,1,False,True,Good Standing
STU0375,Male,18,Business,Sophomore,2.41,2.14,2.0,66.1,47.7,49.6,55.7,62.6,51.6,53.4,57.2,23.8,6,4,1.4,5,9.4,29.3,3,False,False,Probation
STU0376,Male,24,Economics,Sophomore,3.57,2.53,7.2,81.5,59.5,63.9,73.0,54.6,65.8,63.4,70.6,75.7,2,6,1.8,10,6.0,7.9,4,True,True,Good Standing
STU0377,Female,22,Psychology,Junior,2.11,1.93,5.6,64.4,58.6,35.3,47.8,52.6,47.2,48.3,45.5,58.7,2,7,5.9,0,8.2,4.8,4,False,False,Academic Warning
STU0378,Male,18,Business,Junior,3.43,2.59,13.9,60.8,63.6,57.7,79.1,64.9,58.5,64.8,63.8,61.6,0,8,0.4,5,7.0,0.7,4,False,True,Good Standing
STU0379,Female,18,Biology,Sophomore,3.34,2.6,7.2,84.1,83.7,68.7,62.9,49.4,60.1,65.0,70.2,84.5,4,4,1.2,5,7.7,8.9,4,False,True,Good Standing
STU0380,Male,18,Engineering,Senior,3.18,2.76,14.7,85.2,65.1,70.6,74.0,55.7,79.3,68.9,66.9,88.7,3,14,2.6,15,9.4,1.2,3,False,True,Good Standing
STU0381,Male,20,Economics,Sophomore,2.86,2.22,4.3,90.6,56.7,52.6,42.2,65.2,60.2,55.4,43.2,91.9,5,15,3.4,5,7.5,8.9,4,False,False,Probation
STU0382,Female,24,Economics,Sophomore,2.88,2.44,11.3,73.6,51.2,59.0,71.6,67.2,55.4,60.9,73.4,66.7,3,8,4.3,5,8.1,31.0,2,False,True,Good Standing
STU0383,Female,23,Psychology,Freshman,3.59,3.01,17.0,95.7,83.1,68.1,84.9,59.5,80.2,75.2,84.3,89.7,1,11,1.1,20,5.1,6.1,2,False,True,Good Standing
STU0384,Female,24,Biology,Senior,3.15,2.51,4.5,79.8,59.8,56.9,55.6,70.0,71.0,62.7,61.3,79.0,3,19,0.5,0,8.1,1.9,3,True,True,Good Standing
STU0385,Female,20,Biology,Freshman,2.95,2.04,4.3,53.4,51.8,45.1,58.9,46.2,53.6,51.1,54.9,61.0,3,8,9.3,0,9.4,7.9,5,False,False,Probation
STU0386,Female,23,Physics,Freshman,2.63,2.47,12.0,58.5,67.8,56.1,65.7,65.1,54.4,61.8,71.9,59.8,5,3,0.2,15,5.6,5.8,3,False,True,Good Standing
STU0387,Male,24,Psychology,Freshman,2.85,2.64,4.9,98.0,63.0,64.0,72.5,67.7,63.2,66.1,78.8,86.2,2,7,0.3,0,6.5,6.1,5,False,True,Good Standing
STU0388,Male,18,Computer Science,Junior,3.09,2.55,3.2,91.7,72.2,53.4,59.4,65.9,67.6,63.7,66.5,79.2,6,9,2.0,15,8.0,5.2,3,True,True,Good Standing
STU0389,Female,22,Engineering,Freshman,3.12,1.8,2.0,46.8,51.0,42.3,42.1,46.8,43.3,45.1,42.4,54.5,6,3,5.1,0,7.7,9.0,4,False,False,Academic Warning
STU0390,Female,23,Mathematics,Freshman,3.62,2.81,8.7,91.8,72.5,61.7,67.8,69.9,78.9,70.2,83.9,100.0,5,13,4.5,0,5.0,6.8,5,False,True,Good Standing
STU0391,Female,21,Economics,Freshman,2.68,1.86,2.1,65.6,39.0,48.6,32.6,52.1,59.9,46.4,49.2,81.7,2,16,8.3,20,7.2,34.7,2,False,False,Academic Warning
STU0392,Male,21,Mathematics,Freshman,3.74,2.35,6.6,79.3,43.9,55.2,75.4,71.2,47.6,58.7,59.5,71.9,2,8,0.5,5,6.5,14.0,3,False,False,Probation
STU0393,Male,19,Business,Junior,2.9,2.51,8.9,79.7,65.1,68.8,53.0,59.1,67.3,62.7,66.8,51.6,4,10,1.4,10,5.5,2.5,5,True,True,Good Standing
STU0394,Female,23,Business,Junior,2.22,2.47,3.9,93.6,57.2,51.5,71.8,64.2,64.5,61.8,73.1,99.4,0,15,1.0,0,9.0,10.3,4,True,True,Good Standing
STU0395,Male,22,Mathematics,Sophomore,2.94,2.58,3.4,90.1,59.9,79.5,63.0,61.6,59.0,64.6,66.3,79.3,3,18,5.9,0,7.0,1.9,1,True,True,Good Standing
STU0396,Female,20,Business,Sophomore,3.49,2.48,7.1,85.9,72.2,66.4,57.4,61.8,52.7,62.1,72.0,84.3,1,13,2.0,15,8.5,12.2,1,False,True,Good Standing
STU0397,Female,18,Computer Science,Junior,2.8,2.02,6.7,71.4,45.0,46.0,48.4,57.6,55.4,50.5,50.8,73.6,3,8,0.1,0,5.2,1.3,5,False,False,Probation
STU0398,Male,19,Biology,Freshman,2.91,2.22,9.1,78.3,45.7,41.8,68.1,60.0,61.8,55.5,62.4,86.6,4,12,3.7,5,7.9,5.1,5,False,False,Probation
STU0399,Female,21,Business,Sophomore,3.51,2.6,7.0,88.2,50.8,57.5,79.7,73.6,63.0,64.9,59.3,100.0,3,14,1.5,0,8.6,12.5,4,False,True,Good Standing
STU0400,Female,20,Physics,Senior,3.94,2.65,7.7,76.7,67.8,77.6,49.9,77.1,58.6,66.2,76.8,94.3,1,17,2.3,0,6.6,2.6,3,False,True,Good Standing
STU0401,Male,20,Business,Junior,3.23,2.91,11.6,88.0,81.6,57.2,77.9,83.2,64.4,72.9,69.5,100.0,2,10,6.7,15,6.3,14.5,5,True,True,Good Standing
STU0402,Female,18,Engineering,Freshman,3.17,2.4,3.7,75.4,49.8,68.3,62.0,56.3,64.2,60.1,65.8,76.9,2,7,0.9,15,5.0,8.3,3,True,True,Good Standing
STU0403,Male,23,Computer Science,Sophomore,3.26,2.54,12.2,86.9,61.4,72.3,59.3,58.7,65.4,63.4,53.5,61.6,2,14,0.8,10,5.7,4.1,4,False,True,Good Standing
STU0404,Female,21,Engineering,Sophomore,2.79,2.75,15.0,91.2,67.3,66.9,73.2,76.1,60.1,68.7,70.9,82.1,1,8,0.9,10,6.3,4.4,4,True,True,Good Standing
STU0405,Male,22,Engineering,Sophomore,2.95,2.51,7.1,79.2,57.4,70.2,59.5,56.8,69.3,62.6,66.1,100.0,2,10,1.2,5,5.5,20.8,3,False,True,Good Standing
STU0406,Female,20,Physics,Freshman,2.85,2.59,2.0,92.2,67.2,64.8,68.4,58.5,65.4,64.9,61.4,94.4,1,4,0.3,5,5.8,2.0,4,False,True,Good Standing
STU0407,Male,18,Computer Science,Freshman,3.19,2.28,6.2,72.6,62.1,58.2,48.7,54.5,61.1,56.9,58.0,100.0,2,12,3.6,10,7.2,9.5,5,False,False,Probation
STU0408,Male,22,Computer Science,Freshman,2.18,2.06,9.6,90.3,48.5,46.0,60.3,54.6,48.4,51.6,55.7,84.6,1,6,0.7,0,7.4,9.8,5,False,False,Probation
STU0409,Female,23,Psychology,Senior,3.6,3.02,8.3,94.1,68.2,73.0,74.3,81.1,80.9,75.5,82.0,100.0,4,16,7.8,0,8.6,20.5,3,True,True,Good Standing
STU0410,Male,21,Computer Science,Junior,3.5,3.48,32.6,79.9,70.6,74.9,99.9,90.2,99.5,87.0,89.8,79.9,0,10,0.7,20,5.9,10.0,3,False,True,Good Standing
STU0411,Male,23,Computer Science,Freshman,2.14,1.98,2.0,86.6,49.6,44.3,44.7,49.2,59.8,49.5,62.2,80.3,5,7,0.9,0,7.0,7.0,3,False,False,Academic Warning
STU0412,Female,20,Computer Science,Freshman,3.26,2.86,16.6,95.8,63.7,73.6,70.3,72.2,78.3,71.6,82.9,85.1,1,7,1.1,0,6.4,18.6,3,False,True,Good Standing
STU0413,Female,22,Physics,Junior,3.33,2.67,10.2,82.6,70.7,58.6,64.5,67.8,72.1,66.7,68.5,92.5,4,8,4.4,10,6.3,14.1,4,False,True,Good Standing
STU0414,Female,22,Business,Freshman,2.45,2.41,6.6,84.6,57.1,54.3,53.6,60.8,75.3,60.2,51.6,63.4,3,16,1.7,10,6.5,10.1,4,False,True,Good Standing
STU0415,Female,22,Psychology,Freshman,2.48,2.13,2.7,91.9,56.1,54.6,49.2,44.6,62.3,53.4,51.5,83.7,1,12,5.1,5,6.7,0.5,2,False,False,Probation
STU0416,Male,20,Engineering,Senior,2.64,2.55,14.1,96.9,75.6,66.1,61.1,61.6,53.8,63.6,47.8,96.2,4,15,4.6,0,7.4,3.7,3,False,True,Good Standing
STU0417,Male,20,Computer Science,Freshman,3.31,1.84,7.0,40.0,39.0,52.2,46.1,45.3,47.7,46.1,46.6,20.0,3,3,8.0,20,6.5,8.0,3,False,False,Academic Warning
STU0418,Male,23,Economics,Junior,2.7,2.58,5.9,86.0,67.3,68.4,77.6,52.0,56.6,64.4,77.6,84.5,1,3,4.2,10,8.8,5.9,4,False,True,Good Standing
STU0419,Female,19,Business,Senior,2.58,2.39,8.1,90.6,51.8,66.2,61.3,59.6,59.9,59.8,68.1,100.0,2,3,0.2,15,4.4,3.1,4,False,False,Probation
STU0420,Female,23,Business,Sophomore,2.48,2.2,8.5,84.4,39.0,63.2,55.7,57.4,59.6,55.0,57.6,90.9,1,11,5.4,0,8.6,1.2,4,False,False,Probation
STU0421,Female,21,Engineering,Freshman,1.5,2.0,3.4,90.7,54.4,45.2,41.4,51.2,58.0,50.0,46.2,80.8,3,19,8.3,0,6.4,6.4,4,False,False,Probation
STU0422,Female,18,Physics,Freshman,3.29,2.13,6.1,58.5,65.2,51.7,46.2,53.6,50.1,53.4,56.3,51.3,3,5,15.2,0,6.7,2.7,4,False,False,Probation
STU0423,Male,22,Mathematics,Senior,2.71,2.24,14.0,77.8,67.0,48.9,48.2,60.7,55.3,56.0,75.1,82.8,2,11,0.4,0,7.0,2.1,4,False,False,Probation
STU0424,Male,19,Mathematics,Senior,2.12,2.3,7.1,82.2,59.5,51.0,69.9,42.5,64.6,57.5,71.4,74.6,4,7,2.9,0,8.1,4.1,2,False,False,Probation
STU0425,Male,18,Business,Junior,3.62,2.61,5.1,74.6,76.6,65.3,68.2,56.7,59.9,65.3,66.1,81.6,4,10,0.7,0,5.7,12.3,4,False,True,Good Standing
STU0426,Female,19,Biology,Freshman,3.4,2.53,6.9,89.1,67.1,51.4,67.5,81.6,48.7,63.3,53.4,81.0,1,15,0.9,5,6.0,5.4,3,False,True,Good Standing
STU0427,Male,24,Biology,Junior,3.15,2.7,8.8,88.7,75.1,62.4,56.7,73.7,70.1,67.6,87.3,73.3,2,16,4.1,10,7.8,2.0,2,True,True,Good Standing
STU0428,Female,23,Engineering,Senior,2.97,2.62,7.8,91.8,73.0,62.5,56.4,80.2,55.8,65.6,61.7,100.0,3,9,11.4,15,4.5,1.0,5,True,True,Good Standing
STU0429,Male,20,Mathematics,Junior,3.01,2.5,9.4,73.0,64.5,61.3,66.9,57.5,62.0,62.4,68.7,83.7,3,10,2.7,0,6.9,5.5,3,False,True,Good Standing
STU0430,Male,22,Business,Senior,2.73,2.28,6.4,78.5,66.2,58.6,56.6,49.8,53.8,57.0,46.5,50.2,3,7,5.7,5,5.8,12.7,4,False,False,Probation
STU0431,Male,23,Physics,Junior,3.08,2.54,7.9,89.4,55.6,70.8,65.8,75.0,50.4,63.5,62.9,84.4,2,9,0.0,0,5.5,8.5,4,True,True,Good Standing
STU0432,Female,18,Mathematics,Junior,3.43,2.57,6.8,90.3,79.3,56.3,51.3,70.2,64.1,64.2,53.7,100.0,1,5,0.1,5,4.5,2.1,2,False,True,Good Standing
STU0433,Female,24,Business,Sophomore,2.99,2.7,10.1,92.7,70.4,68.8,61.4,63.7,73.8,67.6,60.3,90.2,2,2,2.7,5,8.2,4.6,2,False,True,Good Standing
STU0434,Male,24,Business,Sophomore,3.27,2.37,8.2,63.9,57.0,59.7,49.9,64.4,65.1,59.2,53.8,55.2,5,7,1.5,5,7.2,15.5,4,False,False,Probation
STU0435,Male,24,Computer Science,Freshman,2.93,2.21,3.0,91.4,51.4,46.1,72.0,60.1,46.2,55.2,61.0,87.6,6,13,6.6,15,6.0,1.6,3,False,False,Probation
STU0436,Female,18,Physics,Junior,3.5,2.6,10.0,80.6,64.5,76.5,62.5,61.0,60.2,64.9,66.2,82.3,2,18,1.1,15,6.8,6.1,3,False,True,Good Standing
STU0437,Male,18,Computer Science,Sophomore,1.5,2.07,10.1,86.7,48.0,57.6,45.5,49.6,58.6,51.9,75.6,84.0,4,12,1.7,10,5.4,3.5,5,False,False,Probation
STU0438,Female,18,Engineering,Senior,3.28,2.78,27.0,72.9,67.4,67.5,73.1,67.8,71.5,69.5,80.5,71.7,4,5,2.3,15,6.2,1.1,4,False,True,Good Standing
STU0439,Female,18,Computer Science,Senior,3.18,2.83,21.1,89.6,76.2,71.6,67.4,72.1,66.2,70.7,81.9,87.4,1,18,1.0,10,6.7,0.5,1,False,True,Good Standing
STU0440,Male,24,Economics,Junior,2.92,2.74,10.6,85.3,61.7,71.5,66.5,74.5,68.6,68.6,74.6,70.7,5,8,7.2,15,7.1,6.5,3,True,True,Good Standing
STU0441,Male,24,Computer Science,Freshman,3.49,2.7,7.4,93.7,69.2,66.4,64.7,74.4,62.5,67.4,71.6,78.3,4,12,1.9,10,7.6,0.5,4,False,True,Good Standing
STU0442,Female,19,Economics,Freshman,3.07,2.58,5.0,90.5,65.9,74.0,68.5,63.3,51.2,64.6,76.1,74.2,0,6,1.7,5,4.3,0.9,3,False,True,Good Standing
STU0443,Male,23,Mathematics,Freshman,3.95,2.81,8.6,83.3,72.5,74.4,71.0,64.8,68.6,70.3,53.2,84.7,3,11,5.7,10,7.6,3.4,1,False,True,Good Standing
STU0444,Male,22,Biology,Junior,2.23,2.45,4.4,90.0,58.4,57.6,66.6,68.6,54.5,61.1,58.2,98.8,6,7,1.1,0,4.4,0.5,4,False,True,Good Standing
STU0445,Female,20,Psychology,Junior,2.41,2.74,14.0,94.7,75.3,66.0,69.4,73.6,58.5,68.6,59.7,80.6,0,14,5.1,10,7.6,4.1,2,False,True,Good Standing
STU0446,Female,24,Psychology,Senior,3.13,2.18,2.0,82.8,52.0,66.1,58.6,52.1,43.1,54.4,41.3,60.3,4,4,0.4,20,6.7,1.1,4,False,False,Probation
STU0447,Female,20,Business,Sophomore,3.88,2.41,12.4,60.1,66.6,49.1,71.0,51.4,63.4,60.3,56.2,47.1,1,3,0.6,10,8.6,3.4,4,True,True,Good Standing
STU0448,Female,23,Psychology,Senior,3.66,3.08,27.8,86.3,79.7,79.1,75.4,83.3,67.3,77.0,69.8,100.0,3,13,9.0,0,6.0,12.5,1,False,True,Good Standing
STU0449,Male,23,Economics,Senior,1.89,2.83,23.9,89.1,60.2,73.7,70.4,72.0,77.2,70.7,82.3,84.4,2,12,5.5,0,8.2,7.9,3,True,True,Good Standing
STU0450,Male,20,Physics,Sophomore,3.56,2.13,4.1,70.7,58.3,43.4,50.8,54.7,59.0,53.2,56.0,67.5,0,22,1.5,15,5.2,4.7,4,False,False,Probation
STU0451,Female,24,Computer Science,Senior,3.98,2.78,2.8,91.7,73.7,76.1,69.4,70.3,58.4,69.6,55.5,79.8,5,3,3.1,20,7.2,0.8,4,False,True,Good Standing
STU0452,Female,20,Economics,Sophomore,2.86,2.62,17.3,62.8,63.3,71.2,76.0,60.1,57.1,65.5,70.1,71.4,2,14,8.6,0,4.0,7.7,3,False,True,Good Standing
STU0453,Male,19,Physics,Freshman,1.87,2.04,11.4,64.4,50.2,55.8,51.0,42.2,55.6,51.0,44.9,62.5,4,5,0.7,15,8.3,1.4,3,False,False,Probation
STU0454,Female,21,Biology,Junior,2.39,2.2,7.2,86.8,53.8,50.1,64.0,59.6,47.3,55.0,57.5,75.9,2,9,0.2,15,9.6,0.6,5,False,False,Probation
STU0455,Male,24,Psychology,Sophomore,3.49,2.55,12.1,86.9,66.0,60.4,59.2,63.6,69.2,63.7,68.8,71.4,4,7,2.3,0,6.0,8.7,1,False,True,Good Standing
STU0456,Male,24,Biology,Junior,1.98,2.27,4.4,96.8,51.6,56.6,57.8,60.2,57.9,56.8,52.8,100.0,3,6,0.5,15,7.2,19.4,5,False,False,Probation
STU0457,Male,22,Psychology,Junior,3.74,2.86,11.6,78.6,63.2,79.6,73.0,74.0,68.3,71.6,75.4,82.6,4,4,0.6,0,7.7,4.9,1,True,True,Good Standing
STU0458,Male,18,Computer Science,Sophomore,1.5,1.8,3.7,75.1,51.1,42.1,41.4,53.0,37.4,45.0,50.2,56.5,1,8,6.7,10,4.7,0.5,3,False,False,Academic Warning
STU0459,Male,21,Engineering,Sophomore,3.46,2.43,12.1,66.3,60.0,65.2,63.3,59.3,56.2,60.8,61.5,84.7,0,14,0.0,5,5.9,17.0,4,False,True,Good Standing
STU0460,Male,23,Computer Science,Sophomore,2.95,2.39,6.5,73.0,55.1,69.0,64.8,48.4,60.9,59.6,55.9,63.4,8,8,5.1,10,5.8,0.6,2,False,False,Probation
STU0461,Male,24,Mathematics,Junior,3.57,2.6,9.3,88.5,64.5,60.3,71.0,71.7,56.9,64.9,66.9,55.1,3,4,2.2,10,10.0,16.2,2,True,True,Good Standing
STU0462,Female,20,Economics,Sophomore,2.62,2.46,9.5,90.7,57.6,72.5,57.2,70.9,49.9,61.6,62.5,100.0,3,6,2.5,5,8.6,4.0,3,True,True,Good Standing
STU0463,Female,21,Business,Sophomore,2.77,2.66,22.0,81.8,58.2,56.9,63.4,77.6,76.1,66.4,71.0,80.2,4,10,3.3,15,6.7,3.6,5,True,True,Good Standing
STU0464,Female,22,Engineering,Freshman,3.2,2.83,10.9,94.4,78.2,69.5,68.8,64.0,73.6,70.8,70.7,100.0,2,10,1.7,15,8.2,6.3,3,True,True,Good Standing
STU0465,Female,23,Computer Science,Junior,2.01,1.99,14.4,78.4,25.9,64.4,50.9,52.6,54.7,49.7,42.2,100.0,2,12,0.4,15,7.3,25.2,4,False,False,Academic Warning
STU0466,Male,18,Physics,Freshman,2.95,2.76,10.8,93.1,65.4,73.4,63.2,62.0,80.8,69.0,69.6,78.0,3,16,0.3,5,7.9,18.3,4,False,True,Good Standing
STU0467,Male,18,Engineering,Junior,2.78,2.41,7.6,97.1,47.7,54.1,66.9,71.9,60.5,60.2,64.8,100.0,1,15,4.2,0,5.4,5.1,4,False,True,Good Standing
STU0468,Female,22,Economics,Junior,1.63,2.22,6.9,85.2,48.8,55.4,67.1,52.7,53.0,55.4,58.9,100.0,3,17,0.7,5,9.1,9.5,4,False,False,Probation
STU0469,Male,22,Psychology,Sophomore,2.74,2.38,6.9,86.0,53.1,54.3,58.8,61.7,69.9,59.6,60.7,72.0,5,16,0.1,15,5.8,6.9,3,False,False,Probation
STU0470,Female,20,Engineering,Sophomore,3.6,2.52,11.9,85.4,76.1,49.2,72.2,51.2,65.7,62.9,61.0,100.0,4,18,11.7,0,5.9,9.5,2,True,True,Good Standing
STU0471,Male,24,Psychology,Senior,3.72,3.06,18.6,85.1,79.1,79.4,61.9,76.2,86.5,76.6,74.3,63.9,8,7,11.8,20,7.9,14.1,3,True,True,Good Standing
STU0472,Female,18,Economics,Senior,2.71,2.81,19.0,84.4,60.9,68.8,64.7,78.0,78.4,70.2,68.7,83.0,4,18,1.4,15,7.5,0.5,3,True,True,Good Standing
STU0473,Male,23,Computer Science,Senior,3.21,2.22,6.7,58.0,53.8,40.2,59.7,63.1,60.6,55.5,66.1,41.9,3,5,0.1,10,7.0,3.2,2,False,False,Probation
STU0474,Female,21,Economics,Junior,3.55,2.81,13.2,91.0,67.8,79.0,67.8,73.9,62.2,70.1,64.6,100.0,1,17,3.9,10,8.3,25.6,1,False,True,Good Standing
STU0475,Female,23,Engineering,Freshman,3.15,2.43,5.9,91.7,55.7,60.6,54.5,60.4,72.5,60.7,63.5,77.3,2,11,5.3,10,5.3,23.9,5,False,True,Good Standing
STU0476,Female,19,Physics,Freshman,2.36,2.58,16.4,65.0,66.1,69.1,74.7,49.6,62.6,64.4,56.4,55.7,5,9,0.4,10,9.8,0.5,5,False,True,Good Standing
STU0477,Male,19,Biology,Sophomore,2.44,2.09,6.2,86.9,44.3,54.9,49.4,58.4,54.8,52.4,60.5,73.7,2,9,0.4,5,6.2,1.8,2,False,False,Probation
STU0478,Female,22,Engineering,Freshman,2.96,2.9,17.6,87.3,78.9,75.2,66.4,80.9,60.9,72.5,70.2,69.3,6,19,5.2,15,6.9,40.6,3,False,True,Good Standing
STU0479,Female,20,Economics,Sophomore,2.7,2.37,13.0,82.8,61.7,58.9,52.4,54.1,69.7,59.4,54.8,71.3,3,8,7.6,10,9.8,5.4,2,False,False,Probation
STU0480,Female,19,Biology,Sophomore,3.73,2.52,6.2,71.5,53.2,62.5,65.6,62.9,70.4,62.9,66.6,70.8,5,21,4.7,15,5.9,6.8,3,True,True,Good Standing
STU0481,Female,18,Economics,Sophomore,2.09,2.49,14.0,83.8,61.7,63.4,60.8,67.1,58.3,62.3,44.6,82.3,2,8,0.7,15,8.5,1.5,3,False,True,Good Standing
STU0482,Female,23,Physics,Junior,2.75,2.44,6.9,94.5,69.6,50.9,49.6,68.6,66.1,61.0,52.6,91.2,2,10,1.6,0,6.7,18.0,5,True,True,Good Standing
STU0483,Male,23,Economics,Junior,3.16,3.41,37.0,84.0,75.3,79.6,86.0,94.1,90.8,85.2,90.0,74.0,5,6,2.8,0,5.7,2.1,2,False,True,Good Standing
STU0484,Female,22,Computer Science,Sophomore,2.34,2.41,7.7,87.0,65.3,66.1,62.8,57.9,48.8,60.2,70.3,81.7,5,8,0.5,15,6.4,1.7,3,False,True,Good Standing
STU0485,Female,24,Business,Junior,3.0,2.54,8.0,82.6,57.5,73.5,72.5,44.1,70.1,63.5,69.1,58.8,4,4,0.7,0,7.8,2.1,2,True,True,Good Standing
STU0486,Female,24,Psychology,Sophomore,3.18,2.4,2.0,76.6,65.0,52.7,57.8,59.6,65.1,60.0,63.2,66.1,4,18,1.0,10,8.5,20.2,5,True,True,Good Standing
STU0487,Male,21,Psychology,Senior,2.35,2.37,10.1,96.4,60.8,64.7,58.7,59.6,52.3,59.2,80.5,93.0,0,17,2.1,5,7.3,9.7,5,False,False,Probation
STU0488,Male,22,Engineering,Freshman,2.53,1.79,3.1,63.6,46.6,54.9,39.0,42.3,41.4,44.8,50.8,68.0,3,5,2.1,0,4.6,11.7,4,False,False,Academic Warning
STU0489,Female,21,Business,Senior,3.25,2.28,13.8,66.9,60.7,59.9,52.3,49.3,62.8,57.0,50.6,69.5,4,23,5.1,0,8.0,3.8,4,False,False,Probation
STU0490,Female,24,Economics,Junior,2.82,2.21,4.0,87.9,60.1,50.3,39.3,58.1,67.9,55.1,65.3,69.5,4,31,4.2,15,6.8,19.2,3,False,False,Probation
STU0491,Male,22,Physics,Sophomore,2.51,2.94,17.7,89.8,68.0,88.9,71.4,61.4,77.2,73.4,70.3,96.2,4,9,7.4,10,5.3,12.5,3,False,True,Good Standing
STU0492,Female,22,Engineering,Freshman,3.49,2.27,8.4,62.8,58.9,52.3,68.8,54.4,49.8,56.8,53.2,64.6,4,7,5.4,5,7.5,11.1,4,False,False,Probation
STU0493,Male,22,Economics,Sophomore,3.26,2.67,12.7,81.8,66.0,75.8,55.7,65.5,71.3,66.9,57.8,100.0,0,14,0.9,20,8.7,28.3,5,False,True,Good Standing
STU0494,Male,24,Biology,Freshman,3.12,2.18,11.0,66.4,50.9,54.8,58.5,56.8,52.0,54.6,53.3,44.0,6,8,1.2,0,7.0,3.6,3,False,False,Probation
STU0495,Male,21,Mathematics,Freshman,1.71,2.44,21.1,83.9,67.8,68.0,62.4,55.4,51.6,61.0,53.2,81.8,4,1,2.1,0,8.4,7.6,3,False,True,Good Standing
STU0496,Male,21,Economics,Junior,2.63,2.28,2.0,80.9,58.4,59.7,51.9,58.1,57.2,57.1,63.5,96.3,1,14,0.0,15,7.7,19.3,4,False,False,Probation
STU0497,Female,22,Business,Sophomore,1.73,2.06,5.8,78.0,48.3,56.0,52.7,50.4,50.7,51.6,52.6,73.5,2,6,7.0,15,7.7,12.5,3,False,False,Probation
STU0498,Male,19,Engineering,Junior,3.55,2.55,11.1,72.9,54.4,72.0,63.5,57.1,71.9,63.8,54.9,59.2,2,21,0.1,5,6.5,6.6,4,False,True,Good Standing
STU0499,Female,20,Business,Senior,2.76,2.29,2.9,88.3,50.4,66.1,55.4,49.2,65.2,57.3,58.6,76.1,1,5,1.2,20,8.2,0.6,3,False,False,Probation
STU0500,Female,24,Engineering,Sophomore,3.49,2.93,17.4,74.3,73.8,63.7,71.5,73.9,83.9,73.4,83.3,86.0,3,11,2.5,20,8.4,8.5,1,True,True,Good Standing
